station_code,station_name,station_type,state_name,district_name,block_name,basin_name,sub_basin_name,agency_name,date_collection,_24d,_401,SILVER(mg/L),ALUMINIUM,ALDRIN,"ALKALINITY,PHENOLPHTHALEIN(mg/L)",TOTAL ALKALINITY,ARSENIC(mg/l),BORON(mg/L),BARIUM,GAMMA-BHC(BENZENE HEXACHLORIDE),BIOCHEMICAL OXYGEN DEMAND(mg/L),CALCIUM(mg/L),CARBON(14),CADMIUM,CHLOROPHY11-a,CHLORIDE,CYANIDE,CARBONATE(mg/L),FECAL STREPTOCOCCI(MPN/100ml),CHEMICAL OXYGEN DEMAND,COLOUR,CHROMIUM(mg/L),COPPER,DDT,DIELDRIN,DISSOLVED OXYGEN(mg/L),DISSOLVED OXYGEN(mg/L),ALKALINITY(TOTAL),DISSOLVED OXYGEN SATURATION(%),ELECTRICAL CINDUCTIVITY FIELD,ELECTRICAL CONDUCTIVITY(?S/CM) at 25?,ENDOSULPHAN,FLUORIDE,FECAL COLIFORMS(mpn/100ml),IRON(mg/L),CALCIUM HARDNESS(mg/L),TOTAL HARDNESS(mg/L),BICARBONATE(mg/L),MERCURY(mg/L),POTASSIUM(mg/L),MAGNESIUM(mg/L),MANGANESE(mg/L),SODIUM,PERCENT SODIUM,AMMONIA-N(mg/L),NICKEL(mg/L),"NITROGEN,NITRITE","NITROGEN, TOTAL OXIDISED(NO2+NO3)",no3_n,ODOUR,o_po4_p,"NITROGEN,ORGANIC",OXYGEN(18),FLUORANTHENE,LEAD(mg/L),PCB-1242,PH,TOTAL PHENOLS,PH_FIELD,PH,PHOSPHORUS(TOTAL),RADON,RESIDUAL SODIUM CARBONATE,SODIUM ABSORPTION RATIO,SELENIUM(mg/L),SECCHI DEPTH,SILICATE(sio2)(mg/L),SILICATE(sio3),SULPHATE(mg/L),"SOLIDS,SUSPENDED",STRONTIUM,TOTAL COLIFORNS(MPN/100ml),TOTAL DISSOLVED SOLIDS(mg/L),TEMPERATURE,TEST,TOTAL ORGANIC CARBON,TRITIUM,SOLIDS(TOTAL),TURBIDITY(NTU),URANIUM,ZINC(mg/L),"NITROGEN,NITRITE",CALCIUM CARBONATE,MAGNESIUM CARBONATE,BIOCHEMICAL OXYGEN DEAMND,MAGNESIUM HARDNESS
018-HYDCHENNAI,Kumarapalayam,Surface Water,Puducherry,Puducherry,Puducherry,East flowing rivers between Pennar and Kanyakumari Basin,Ponnaiyar and other,CWC,17-12-2009 00:00,NULL,NULL,NULL,NULL,NULL,0,144.15,NULL,NULL,NULL,NULL,0.633,17.96,NULL,NULL,NULL,46.505,NULL,0,NULL,NULL,NULL,NULL,NULL,NULL,NULL,NULL,NULL,NULL,NULL,NULL,255,NULL,0.2356,NULL,NULL,NULL,97.55,175.863,NULL,5.0048,12.636,NULL,48.622,50.6084,NULL,NULL,NULL,NULL,NULL,NULL,NULL,NULL,NULL,NULL,NULL,NULL,NULL,NULL,7,7.91,NULL,NULL,0.946539,2.14957,NULL,44.9,NULL,NULL,11.376,NULL,NULL,NULL,NULL,24.3,NULL,NULL,NULL,NULL,NULL,NULL,NULL,NULL,NULL,NULL,NULL,NULL
018-HYDCHENNAI,Kumarapalayam,Surface Water,Puducherry,Puducherry,Puducherry,East flowing rivers between Pennar and Kanyakumari Basin,Ponnaiyar and other,CWC,09-11-2009 00:00,NULL,NULL,NULL,NULL,NULL,0,72.05,NULL,NULL,NULL,NULL,0.284,13.06,NULL,NULL,NULL,26.6605,NULL,0,NULL,NULL,NULL,NULL,NULL,NULL,NULL,NULL,NULL,NULL,NULL,NULL,175,NULL,0.1615,NULL,NULL,NULL,73.15,87.901,NULL,3.0889,9.72,NULL,23.506,40.0482,NULL,NULL,NULL,NULL,NULL,NULL,NULL,NULL,NULL,NULL,NULL,NULL,NULL,NULL,7,7.8,NULL,NULL,0,1.20015,NULL,32.65,NULL,NULL,9.744,NULL,NULL,NULL,NULL,28,NULL,NULL,NULL,NULL,NULL,NULL,NULL,NULL,NULL,NULL,NULL,NULL
018-HYDCHENNAI,Kumarapalayam,Surface Water,Puducherry,Puducherry,Puducherry,East flowing rivers between Pennar and Kanyakumari Basin,Ponnaiyar and other,CWC,01-12-2008 00:00,NULL,NULL,NULL,NULL,NULL,0,106.25,NULL,NULL,NULL,NULL,NULL,22.4,NULL,NULL,NULL,51.475,NULL,0,NULL,NULL,NULL,NULL,NULL,NULL,NULL,NULL,NULL,NULL,NULL,NULL,215,NULL,NULL,NULL,NULL,NULL,102.575,129.625,NULL,NULL,11.178,NULL,NULL,NULL,NULL,NULL,NULL,NULL,NULL,NULL,NULL,NULL,NULL,NULL,NULL,NULL,NULL,NULL,7,6.98,NULL,NULL,0.0870346,NULL,NULL,56,NULL,NULL,NULL,NULL,NULL,NULL,NULL,28.5,NULL,NULL,NULL,NULL,NULL,NULL,NULL,NULL,NULL,NULL,NULL,NULL
018-HYDCHENNAI,Kumarapalayam,Surface Water,Puducherry,Puducherry,Puducherry,East flowing rivers between Pennar and Kanyakumari Basin,Ponnaiyar and other,CWC,03-01-2011 00:00,NULL,NULL,NULL,NULL,NULL,23.7463,203.79,NULL,NULL,NULL,NULL,0.671,39.24,NULL,NULL,NULL,68.91,NULL,28.61,NULL,NULL,NULL,NULL,NULL,NULL,NULL,NULL,NULL,NULL,NULL,NULL,540,NULL,0.33,NULL,NULL,NULL,183.183,190.45,NULL,5.6,20.42,NULL,45.3,34.255,NULL,NULL,NULL,NULL,0.684,NULL,NULL,NULL,NULL,NULL,NULL,NULL,NULL,NULL,7,8.32,NULL,NULL,0.436796,1.46087,NULL,98.1,NULL,NULL,13.6,NULL,NULL,NULL,NULL,27,NULL,NULL,NULL,NULL,NULL,NULL,NULL,NULL,NULL,NULL,NULL,NULL
018-HYDCHENNAI,Kumarapalayam,Surface Water,Puducherry,Puducherry,Puducherry,East flowing rivers between Pennar and Kanyakumari Basin,Ponnaiyar and other,CWC,09-11-2010 00:00,NULL,NULL,NULL,NULL,NULL,0,98.9426,NULL,NULL,NULL,NULL,1.845,14.72,NULL,NULL,NULL,28.71,NULL,0,NULL,NULL,NULL,NULL,NULL,NULL,NULL,NULL,NULL,NULL,NULL,NULL,262,NULL,0.195,NULL,NULL,NULL,81.3417,120.71,NULL,4.1,10.69,NULL,22.3,36.0711,NULL,NULL,NULL,NULL,0.122,NULL,NULL,NULL,NULL,NULL,NULL,NULL,NULL,NULL,7,7.66,NULL,NULL,0.364334,1.07969,NULL,36.8,NULL,NULL,6.94,NULL,NULL,NULL,NULL,25,NULL,NULL,NULL,NULL,NULL,NULL,NULL,NULL,NULL,NULL,NULL,NULL
018-HYDCHENNAI,Kumarapalayam,Surface Water,Puducherry,Puducherry,Puducherry,East flowing rivers between Pennar and Kanyakumari Basin,Ponnaiyar and other,CWC,12-12-2005 00:00,NULL,NULL,NULL,NULL,NULL,0,141.5,NULL,NULL,NULL,NULL,NULL,16,NULL,NULL,NULL,37.985,NULL,0,NULL,NULL,NULL,NULL,NULL,NULL,NULL,NULL,NULL,NULL,NULL,NULL,647,NULL,NULL,NULL,NULL,NULL,84.55,172.63,NULL,NULL,10.692,NULL,28.75,NULL,NULL,NULL,NULL,NULL,NULL,NULL,NULL,NULL,NULL,NULL,NULL,NULL,NULL,NULL,NULL,8.07,NULL,NULL,1.15133,1.36516,NULL,40,NULL,NULL,NULL,NULL,NULL,NULL,NULL,25.5,NULL,NULL,NULL,NULL,NULL,NULL,NULL,NULL,NULL,NULL,NULL,NULL
018-HYDCHENNAI,Kumarapalayam,Surface Water,Puducherry,Puducherry,Puducherry,East flowing rivers between Pennar and Kanyakumari Basin,Ponnaiyar and other,CWC,11-11-2015 00:00,NULL,NULL,NULL,NULL,NULL,0,82.7623,NULL,NULL,NULL,NULL,1.46,17.37,NULL,NULL,NULL,46.81,NULL,0,NULL,NULL,NULL,NULL,NULL,NULL,NULL,NULL,NULL,NULL,NULL,NULL,297,NULL,0.266,NULL,NULL,NULL,90.7167,100.97,NULL,2.5,11.35,NULL,30.1,41.2496,0.053,NULL,NULL,1.036,1.035,NULL,0.087,NULL,NULL,NULL,NULL,NULL,NULL,NULL,7,7.47,NULL,NULL,0,1.37979,NULL,43.425,NULL,NULL,13.6,NULL,NULL,NULL,167,23.5,NULL,NULL,NULL,NULL,NULL,NULL,NULL,0.001,NULL,NULL,NULL,NULL
018-HYDCHENNAI,Kumarapalayam,Surface Water,Puducherry,Puducherry,Puducherry,East flowing rivers between Pennar and Kanyakumari Basin,Ponnaiyar and other,CWC,09-12-2015 00:00,NULL,NULL,NULL,NULL,NULL,0,91.9508,NULL,NULL,NULL,NULL,1.46,22.71,NULL,NULL,NULL,33.04,NULL,0,NULL,NULL,NULL,NULL,NULL,NULL,NULL,NULL,NULL,NULL,NULL,NULL,270,NULL,0.256,NULL,NULL,NULL,100.692,112.18,NULL,3.1,10.54,NULL,17.2,26.4544,0.04,NULL,NULL,0.364,0.363,NULL,0.047,NULL,NULL,NULL,NULL,NULL,NULL,NULL,7,7.86,NULL,NULL,0,0.748035,NULL,56.775,NULL,NULL,9.22,NULL,NULL,NULL,148,27,NULL,NULL,NULL,NULL,NULL,NULL,NULL,0.001,NULL,NULL,NULL,NULL
018-HYDCHENNAI,Kumarapalayam,Surface Water,Puducherry,Puducherry,Puducherry,East flowing rivers between Pennar and Kanyakumari Basin,Ponnaiyar and other,CWC,04-12-2017 00:00,NULL,NULL,NULL,NULL,NULL,0,84,0.29,NULL,NULL,NULL,1.2,18,NULL,0.08,NULL,46.1,NULL,0,NULL,NULL,NULL,4.39,2.1,NULL,NULL,NULL,NULL,NULL,NULL,NULL,342,NULL,0.2,NULL,0,44,93,103,NULL,3.1,11.7,NULL,35,44,0.06,0.07,NULL,0.21,0.2,NULL,0,NULL,NULL,NULL,0.52,NULL,NULL,NULL,7,8,NULL,NULL,0,1.6,NULL,NULL,NULL,NULL,12.1,NULL,NULL,NULL,182,27,NULL,NULL,NULL,NULL,NULL,NULL,19.4,0.01,NULL,NULL,NULL,NULL
018-HYDCHENNAI,Kumarapalayam,Surface Water,Puducherry,Puducherry,Puducherry,East flowing rivers between Pennar and Kanyakumari Basin,Ponnaiyar and other,CWC,03-12-2019 00:00,NULL,NULL,NULL,NULL,NULL,0,127,2.4,0.04,NULL,NULL,1.8,35,NULL,0,NULL,64.7,NULL,0,NULL,NULL,NULL,0.6,0,NULL,NULL,NULL,NULL,NULL,NULL,NULL,480,NULL,0.29,NULL,0,88,150,154,NULL,4.1,14.8,NULL,43.4,38,NULL,4.9,NULL,0.29,0.26,NULL,0.15,NULL,NULL,NULL,13.3,NULL,NULL,NULL,NULL,8,NULL,NULL,0,1.5,NULL,NULL,11.3,NULL,26.4,NULL,NULL,NULL,288,28,NULL,NULL,NULL,NULL,NULL,NULL,0.8,0.03,NULL,NULL,NULL,NULL
018-HYDCHENNAI,Kumarapalayam,Surface Water,Puducherry,Puducherry,Puducherry,East flowing rivers between Pennar and Kanyakumari Basin,Ponnaiyar and other,CWC,02-01-2021 00:00,NULL,NULL,NULL,NULL,NULL,NULL,NULL,NULL,0.02,NULL,NULL,2.36,34.79,NULL,NULL,NULL,51.91,NULL,0,NULL,24,NULL,NULL,NULL,NULL,NULL,NULL,NULL,7.48,NULL,NULL,394.6,NULL,0.34,NULL,NULL,NULL,NULL,174.65,NULL,4.5,15.6,NULL,30.2,NULL,0.29,NULL,NULL,0.53,0.53,NULL,0.12,NULL,NULL,NULL,NULL,NULL,NULL,NULL,NULL,7.98,NULL,NULL,NULL,NULL,NULL,NULL,13.54,NULL,4.58,NULL,NULL,NULL,237.7,27,NULL,NULL,NULL,NULL,18.4,NULL,NULL,0,NULL,NULL,NULL,NULL
018-HYDCHENNAI,Kumarapalayam,Surface Water,Puducherry,Puducherry,Puducherry,East flowing rivers between Pennar and Kanyakumari Basin,Ponnaiyar and other,CWC,01-12-2010 00:00,NULL,NULL,NULL,NULL,NULL,0,141.516,NULL,NULL,NULL,NULL,1.86,27.8,NULL,NULL,NULL,49.77,NULL,0,NULL,NULL,NULL,NULL,NULL,NULL,NULL,NULL,NULL,NULL,NULL,NULL,374,NULL,0.298,NULL,NULL,NULL,134.333,172.65,NULL,5.4,15.56,NULL,29.7,31.5265,NULL,NULL,NULL,NULL,0.263,NULL,NULL,NULL,NULL,NULL,NULL,NULL,NULL,NULL,7.2,7.76,NULL,NULL,0.162198,1.11857,NULL,69.5,NULL,NULL,10.4,NULL,NULL,NULL,NULL,26.5,NULL,NULL,NULL,NULL,NULL,NULL,NULL,NULL,NULL,NULL,NULL,NULL
018-HYDCHENNAI,Kumarapalayam,Surface Water,Puducherry,Puducherry,Puducherry,East flowing rivers between Pennar and Kanyakumari Basin,Ponnaiyar and other,CWC,06-12-2020 00:00,NULL,NULL,NULL,NULL,NULL,NULL,NULL,NULL,0.29,NULL,NULL,1,29.01,NULL,NULL,NULL,41.57,NULL,0,NULL,13,NULL,NULL,NULL,NULL,NULL,NULL,NULL,7.23,NULL,NULL,298.1,NULL,0.81,NULL,NULL,NULL,NULL,115.71,NULL,3.5,4.63,NULL,25.9,NULL,NULL,NULL,NULL,0.58,0.57,NULL,0.14,NULL,NULL,NULL,NULL,NULL,NULL,NULL,NULL,7.82,NULL,NULL,NULL,NULL,NULL,NULL,7.84,NULL,4.38,NULL,NULL,NULL,177.8,27,NULL,NULL,NULL,NULL,1.3,NULL,NULL,0.01,NULL,NULL,NULL,NULL
018-HYDCHENNAI,Kumarapalayam,Surface Water,Puducherry,Puducherry,Puducherry,East flowing rivers between Pennar and Kanyakumari Basin,Ponnaiyar and other,CWC,01-12-2011 00:00,NULL,NULL,NULL,NULL,NULL,0,144,NULL,NULL,NULL,NULL,2.24,22.44,NULL,NULL,NULL,79.04,NULL,0,NULL,NULL,NULL,NULL,NULL,NULL,NULL,NULL,NULL,NULL,NULL,NULL,538,NULL,0.282,NULL,NULL,NULL,149.267,175.68,NULL,5.4,22.36,NULL,48.2,40.3614,NULL,NULL,NULL,NULL,0.323,NULL,NULL,NULL,NULL,NULL,NULL,NULL,NULL,NULL,7,8.06,NULL,NULL,0,1.72343,NULL,56.1,NULL,NULL,7.61,NULL,NULL,NULL,NULL,27,NULL,NULL,NULL,NULL,NULL,NULL,NULL,NULL,NULL,NULL,NULL,NULL
018-HYDCHENNAI,Kumarapalayam,Surface Water,Puducherry,Puducherry,Puducherry,East flowing rivers between Pennar and Kanyakumari Basin,Ponnaiyar and other,CWC,04-11-2011 00:00,NULL,NULL,NULL,NULL,NULL,0,144,NULL,NULL,NULL,NULL,2.12,22.44,NULL,NULL,NULL,82.47,NULL,0,NULL,NULL,NULL,NULL,NULL,NULL,NULL,NULL,NULL,NULL,NULL,NULL,453,NULL,0.299,NULL,NULL,NULL,141.183,175.68,NULL,3.9,20.42,NULL,59.9,47.326,NULL,NULL,NULL,NULL,0.19,NULL,NULL,NULL,NULL,NULL,NULL,NULL,NULL,NULL,7,8.02,NULL,NULL,0.0794373,2.20198,NULL,56.1,NULL,NULL,5.98,NULL,NULL,NULL,NULL,25.5,NULL,NULL,NULL,NULL,NULL,NULL,NULL,NULL,NULL,NULL,NULL,NULL
018-HYDCHENNAI,Kumarapalayam,Surface Water,Puducherry,Puducherry,Puducherry,East flowing rivers between Pennar and Kanyakumari Basin,Ponnaiyar and other,CWC,02-01-2012 00:00,NULL,NULL,NULL,NULL,NULL,0,103.68,NULL,NULL,NULL,NULL,2.22,8.02,NULL,NULL,NULL,54.98,NULL,0,NULL,NULL,NULL,NULL,NULL,NULL,NULL,NULL,NULL,NULL,NULL,NULL,408,NULL,0.258,NULL,NULL,NULL,92.9667,126.49,NULL,4.4,17.5,NULL,42.1,48.3938,NULL,NULL,NULL,NULL,0.53,NULL,NULL,NULL,NULL,NULL,NULL,NULL,NULL,NULL,7,7.51,NULL,NULL,0.233062,1.90907,NULL,20.05,NULL,NULL,6.7,NULL,NULL,NULL,NULL,25.5,NULL,NULL,NULL,NULL,NULL,NULL,NULL,NULL,NULL,NULL,NULL,NULL
018-HYDCHENNAI,Kumarapalayam,Surface Water,Puducherry,Puducherry,Puducherry,East flowing rivers between Pennar and Kanyakumari Basin,Ponnaiyar and other,CWC,01-11-2012 00:00,NULL,NULL,NULL,NULL,NULL,0,77.5492,NULL,NULL,NULL,NULL,2.53,17.27,NULL,NULL,NULL,31.83,NULL,0,NULL,NULL,NULL,NULL,NULL,NULL,NULL,NULL,NULL,NULL,NULL,NULL,247,NULL,0.4,NULL,NULL,NULL,70.9667,94.61,NULL,3.6,6.67,NULL,20.4,37.1253,NULL,NULL,NULL,NULL,0.53,NULL,NULL,NULL,NULL,NULL,NULL,NULL,NULL,NULL,7,7.38,NULL,NULL,0.140059,1.05655,NULL,43.175,NULL,NULL,5.83,NULL,NULL,NULL,132,23.5,NULL,NULL,NULL,NULL,NULL,NULL,NULL,NULL,NULL,NULL,NULL,NULL
021-HYDCHENNAI,Nallathur,Surface Water,Puducherry,Karaikal,Karaikal,Cauvery Basin,Cauvery Lower,CWC,01-09-2008 00:00,NULL,NULL,NULL,NULL,NULL,0,199.5,NULL,NULL,NULL,NULL,NULL,41.6,NULL,NULL,NULL,43.8425,NULL,0,NULL,NULL,NULL,NULL,NULL,NULL,NULL,NULL,NULL,NULL,NULL,NULL,456,NULL,NULL,NULL,NULL,NULL,136.4,243.39,NULL,NULL,7.776,NULL,NULL,NULL,NULL,NULL,NULL,NULL,NULL,NULL,NULL,NULL,NULL,NULL,NULL,NULL,NULL,NULL,7,7.2,NULL,NULL,1.27355,NULL,NULL,104,NULL,NULL,NULL,NULL,NULL,NULL,NULL,26,NULL,NULL,NULL,NULL,NULL,NULL,NULL,NULL,NULL,NULL,NULL,NULL
021-HYDCHENNAI,Nallathur,Surface Water,Puducherry,Karaikal,Karaikal,Cauvery Basin,Cauvery Lower,CWC,01-02-2006 00:00,NULL,NULL,NULL,NULL,NULL,0,212.5,NULL,NULL,NULL,NULL,NULL,32,NULL,NULL,NULL,56.09,NULL,0,NULL,NULL,NULL,NULL,NULL,NULL,NULL,NULL,NULL,NULL,NULL,NULL,715,NULL,NULL,NULL,NULL,NULL,175.175,259.25,NULL,NULL,22.842,NULL,84.18,NULL,NULL,NULL,NULL,NULL,0,NULL,NULL,NULL,NULL,NULL,NULL,NULL,NULL,NULL,NULL,7.65,NULL,NULL,0.772864,2.77724,NULL,80,NULL,NULL,28.32,NULL,NULL,NULL,NULL,26,NULL,NULL,NULL,NULL,NULL,NULL,NULL,NULL,NULL,NULL,NULL,NULL
021-HYDCHENNAI,Nallathur,Surface Water,Puducherry,Karaikal,Karaikal,Cauvery Basin,Cauvery Lower,CWC,02-11-2017 00:00,NULL,NULL,NULL,NULL,NULL,0,84,NULL,NULL,NULL,NULL,2.2,14,NULL,NULL,NULL,76.5,NULL,0,NULL,NULL,NULL,NULL,NULL,NULL,NULL,NULL,NULL,NULL,NULL,NULL,435,NULL,0.62,NULL,NULL,36,64,103,NULL,3.5,6.8,NULL,59.3,65,0.03,NULL,NULL,0.18,0.17,NULL,0.18,NULL,NULL,NULL,NULL,NULL,NULL,NULL,7,6.9,NULL,NULL,0.4,3.2,NULL,NULL,NULL,NULL,14.3,NULL,NULL,NULL,231,26,NULL,NULL,NULL,NULL,NULL,NULL,NULL,0.01,NULL,NULL,NULL,NULL
021-HYDCHENNAI,Nallathur,Surface Water,Puducherry,Karaikal,Karaikal,Cauvery Basin,Cauvery Lower,CWC,01-11-2019 00:00,NULL,NULL,NULL,NULL,NULL,0,133,NULL,0.86,NULL,NULL,1.2,19,NULL,NULL,NULL,43.8,NULL,0,NULL,NULL,NULL,NULL,NULL,NULL,NULL,NULL,NULL,NULL,NULL,NULL,333,NULL,0.38,NULL,0.7,47,118,163,NULL,2.7,17,NULL,33.2,38,NULL,NULL,NULL,0.4,0.33,NULL,0.15,NULL,NULL,NULL,NULL,NULL,NULL,NULL,NULL,7.8,NULL,NULL,0.3,1.3,NULL,NULL,0.1,NULL,8.6,NULL,NULL,NULL,200,27,NULL,NULL,NULL,NULL,NULL,NULL,NULL,0.07,NULL,NULL,NULL,NULL
021-HYDCHENNAI,Nallathur,Surface Water,Puducherry,Karaikal,Karaikal,Cauvery Basin,Cauvery Lower,CWC,01-12-2005 00:00,NULL,NULL,NULL,NULL,NULL,0,148,NULL,NULL,NULL,NULL,NULL,28.8,NULL,NULL,NULL,34.435,NULL,0,NULL,NULL,NULL,NULL,NULL,NULL,NULL,NULL,NULL,NULL,NULL,NULL,401,NULL,NULL,NULL,NULL,NULL,128.7,180.56,NULL,NULL,13.608,NULL,46.46,NULL,NULL,NULL,NULL,NULL,NULL,NULL,NULL,NULL,NULL,NULL,NULL,NULL,NULL,NULL,NULL,7.43,NULL,NULL,0.402573,1.78727,NULL,72,NULL,NULL,NULL,NULL,NULL,NULL,NULL,26.5,NULL,NULL,NULL,NULL,NULL,NULL,NULL,NULL,NULL,NULL,NULL,NULL
021-HYDCHENNAI,Nallathur,Surface Water,Puducherry,Karaikal,Karaikal,Cauvery Basin,Cauvery Lower,CWC,03-01-2011 00:00,NULL,NULL,NULL,NULL,NULL,0,211.385,NULL,NULL,NULL,NULL,0.383,31.07,NULL,NULL,NULL,61.26,NULL,0,NULL,NULL,NULL,NULL,NULL,NULL,NULL,NULL,NULL,NULL,NULL,NULL,535,NULL,0.351,NULL,NULL,NULL,162.758,257.89,NULL,6.2,20.42,NULL,52.6,40.2995,NULL,NULL,NULL,NULL,0.576,NULL,NULL,NULL,NULL,NULL,NULL,NULL,NULL,NULL,7,7.87,NULL,NULL,0.996284,1.80014,NULL,77.675,NULL,NULL,14.2,NULL,NULL,NULL,NULL,24,NULL,NULL,NULL,NULL,NULL,NULL,NULL,NULL,NULL,NULL,NULL,NULL
021-HYDCHENNAI,Nallathur,Surface Water,Puducherry,Karaikal,Karaikal,Cauvery Basin,Cauvery Lower,CWC,01-12-2010 00:00,NULL,NULL,NULL,NULL,NULL,0,134.074,NULL,NULL,NULL,NULL,0.89,19.62,NULL,NULL,NULL,26.8,NULL,0,NULL,NULL,NULL,NULL,NULL,NULL,NULL,NULL,NULL,NULL,NULL,NULL,287,NULL,0.184,NULL,NULL,NULL,105.758,163.57,NULL,3,13.61,NULL,25.5,33.7653,NULL,NULL,NULL,NULL,0.172,NULL,NULL,NULL,NULL,NULL,NULL,NULL,NULL,NULL,7,8.05,NULL,NULL,0.58205,1.0827,NULL,49.05,NULL,NULL,3.81,NULL,NULL,NULL,NULL,23.25,NULL,NULL,NULL,NULL,NULL,NULL,NULL,NULL,NULL,NULL,NULL,NULL
021-HYDCHENNAI,Nallathur,Surface Water,Puducherry,Karaikal,Karaikal,Cauvery Basin,Cauvery Lower,CWC,03-11-2009 00:00,NULL,NULL,NULL,NULL,NULL,0,262.85,NULL,NULL,NULL,NULL,1.609,24.48,NULL,NULL,NULL,87.6495,NULL,0,NULL,NULL,NULL,NULL,NULL,NULL,NULL,NULL,NULL,NULL,NULL,NULL,258,NULL,0.4465,NULL,NULL,NULL,121.95,320.677,NULL,6.8816,14.58,NULL,102.051,63.0857,NULL,NULL,NULL,NULL,NULL,NULL,NULL,NULL,NULL,NULL,NULL,NULL,NULL,NULL,7,7.7,NULL,NULL,2.83488,4.03423,NULL,61.2,NULL,NULL,8.256,NULL,NULL,NULL,NULL,27.5,NULL,NULL,NULL,NULL,NULL,NULL,NULL,NULL,NULL,NULL,NULL,NULL
021-HYDCHENNAI,Nallathur,Surface Water,Puducherry,Karaikal,Karaikal,Cauvery Basin,Cauvery Lower,CWC,06-03-2017 00:00,NULL,NULL,NULL,NULL,NULL,0,122.107,NULL,NULL,NULL,NULL,2.65,17.64,NULL,NULL,NULL,121.12,NULL,0,NULL,NULL,NULL,NULL,NULL,NULL,NULL,NULL,NULL,NULL,NULL,NULL,626,NULL,0.259,NULL,NULL,NULL,84.6417,148.97,NULL,3.6,9.73,NULL,93,69.5263,0.0313,NULL,NULL,0.544,0.542,NULL,0.004,NULL,NULL,NULL,NULL,NULL,NULL,NULL,7,7.82,NULL,NULL,0.760825,4.41246,NULL,44.1,NULL,NULL,20.36,NULL,NULL,NULL,342,25,NULL,NULL,NULL,NULL,NULL,NULL,NULL,0.002,NULL,NULL,NULL,NULL
021-HYDCHENNAI,Nallathur,Surface Water,Puducherry,Karaikal,Karaikal,Cauvery Basin,Cauvery Lower,CWC,09-09-2014 00:00,NULL,NULL,NULL,NULL,NULL,0,160,NULL,NULL,NULL,NULL,1.47,32.06,NULL,NULL,NULL,65.23,NULL,0,NULL,NULL,NULL,NULL,NULL,NULL,NULL,NULL,NULL,NULL,NULL,NULL,472,NULL,0.445,NULL,NULL,NULL,143.192,195.2,NULL,3.4,15.13,NULL,50.2,42.6854,NULL,NULL,NULL,NULL,0.64,NULL,NULL,NULL,NULL,NULL,NULL,NULL,NULL,NULL,7,7.63,NULL,NULL,0.354609,1.83082,NULL,80.15,NULL,NULL,21.21,NULL,NULL,NULL,264,30,NULL,NULL,NULL,NULL,NULL,NULL,NULL,NULL,NULL,NULL,NULL,NULL
021-HYDCHENNAI,Nallathur,Surface Water,Puducherry,Karaikal,Karaikal,Cauvery Basin,Cauvery Lower,CWC,02-01-2006 00:00,NULL,NULL,NULL,NULL,NULL,0,216.5,NULL,NULL,NULL,NULL,NULL,32.8,NULL,NULL,NULL,82.005,NULL,0,NULL,NULL,NULL,NULL,NULL,NULL,NULL,NULL,NULL,NULL,NULL,NULL,739,NULL,NULL,NULL,NULL,NULL,165.025,264.13,NULL,NULL,19.926,NULL,86.25,NULL,NULL,NULL,NULL,NULL,NULL,NULL,NULL,NULL,NULL,NULL,NULL,NULL,NULL,NULL,NULL,7.15,NULL,NULL,1.05288,2.9311,NULL,82,NULL,NULL,NULL,NULL,NULL,NULL,NULL,25,NULL,NULL,NULL,NULL,NULL,NULL,NULL,NULL,NULL,NULL,NULL,NULL
021-HYDCHENNAI,Nallathur,Surface Water,Puducherry,Karaikal,Karaikal,Cauvery Basin,Cauvery Lower,CWC,13-10-2014 00:00,NULL,NULL,NULL,NULL,NULL,0,185,NULL,NULL,NULL,NULL,0.99,30.38,NULL,NULL,NULL,99.26,NULL,0,NULL,NULL,NULL,NULL,NULL,NULL,NULL,NULL,NULL,NULL,NULL,NULL,631,NULL,0.485,NULL,NULL,NULL,161.283,225.7,NULL,6.3,20.48,NULL,75,49.2439,NULL,NULL,NULL,NULL,1.12,NULL,NULL,NULL,NULL,NULL,NULL,NULL,NULL,NULL,7,8,NULL,NULL,0.498146,2.57854,NULL,75.95,NULL,NULL,32.44,NULL,NULL,NULL,339,30,NULL,NULL,NULL,NULL,NULL,NULL,NULL,NULL,NULL,NULL,NULL,NULL
021-HYDCHENNAI,Nallathur,Surface Water,Puducherry,Karaikal,Karaikal,Cauvery Basin,Cauvery Lower,CWC,01-11-2014 00:00,NULL,NULL,NULL,NULL,NULL,0,110,NULL,NULL,NULL,NULL,2.01,18.56,NULL,1.367,NULL,61.17,NULL,0,NULL,NULL,NULL,18.27,14.33,NULL,NULL,NULL,NULL,NULL,NULL,NULL,382,NULL,0.364,NULL,0.004,NULL,89.0667,134.2,NULL,2.8,10.24,NULL,45.6,51.8699,NULL,0.28,NULL,NULL,1.2,NULL,NULL,NULL,NULL,NULL,0.48,NULL,NULL,NULL,8,8.09,NULL,NULL,0.430846,2.1091,NULL,46.4,NULL,NULL,6.29,NULL,NULL,NULL,204,28,NULL,NULL,NULL,NULL,NULL,NULL,3,NULL,NULL,NULL,NULL,NULL
021-HYDCHENNAI,Nallathur,Surface Water,Puducherry,Karaikal,Karaikal,Cauvery Basin,Cauvery Lower,CWC,01-12-2014 00:00,NULL,NULL,NULL,NULL,NULL,0,140,NULL,NULL,NULL,NULL,2.01,25.31,NULL,NULL,NULL,66.73,NULL,0,NULL,NULL,NULL,NULL,NULL,NULL,NULL,NULL,NULL,NULL,NULL,NULL,472,NULL,0.296,NULL,NULL,NULL,114.483,170.8,NULL,3.6,12.29,NULL,50.4,48.0892,NULL,NULL,NULL,NULL,2.97,NULL,NULL,NULL,NULL,NULL,NULL,NULL,NULL,NULL,7,7.55,NULL,NULL,0.525218,2.05577,NULL,63.275,NULL,NULL,8.85,NULL,NULL,NULL,251,25,NULL,NULL,NULL,NULL,NULL,NULL,NULL,NULL,NULL,NULL,NULL,NULL
021-HYDCHENNAI,Nallathur,Surface Water,Puducherry,Karaikal,Karaikal,Cauvery Basin,Cauvery Lower,CWC,18-05-2015 00:00,NULL,NULL,NULL,NULL,NULL,0,108.197,NULL,NULL,NULL,NULL,1.64,22.71,NULL,NULL,NULL,61.77,NULL,0,NULL,NULL,NULL,NULL,NULL,NULL,NULL,NULL,NULL,NULL,NULL,NULL,421,NULL,0.389,NULL,NULL,NULL,104.067,132,NULL,2.9,11.35,NULL,46.1,48.3572,0.078,NULL,NULL,0.795,0.79,NULL,0.006,NULL,NULL,NULL,NULL,NULL,NULL,NULL,7,7.91,NULL,NULL,0.0963398,1.97232,NULL,56.775,NULL,NULL,22,NULL,NULL,NULL,223,30,NULL,NULL,NULL,NULL,NULL,NULL,NULL,0.005,NULL,NULL,NULL,NULL
021-HYDCHENNAI,Nallathur,Surface Water,Puducherry,Karaikal,Karaikal,Cauvery Basin,Cauvery Lower,CWC,01-06-2015 00:00,NULL,NULL,NULL,NULL,NULL,0,240,NULL,NULL,NULL,NULL,2.55,21.38,NULL,NULL,NULL,243.9,NULL,0,NULL,NULL,NULL,NULL,NULL,NULL,NULL,NULL,NULL,NULL,NULL,NULL,1114,NULL,0.719,NULL,NULL,NULL,185.2,292.8,NULL,4.5,31.62,NULL,185,68.0163,0.12,NULL,NULL,0.798,0.797,NULL,0.01,NULL,NULL,NULL,NULL,NULL,NULL,NULL,7,7.91,NULL,NULL,1.13046,5.94132,NULL,53.45,NULL,NULL,54.94,NULL,NULL,NULL,662,31.5,NULL,NULL,NULL,NULL,NULL,NULL,NULL,0.001,NULL,NULL,NULL,NULL
021-HYDCHENNAI,Nallathur,Surface Water,Puducherry,Karaikal,Karaikal,Cauvery Basin,Cauvery Lower,CWC,30-10-2015 00:00,NULL,NULL,NULL,NULL,NULL,0,296.467,NULL,NULL,NULL,NULL,1.09,42.75,NULL,NULL,NULL,264.33,NULL,0,NULL,NULL,NULL,NULL,NULL,NULL,NULL,NULL,NULL,NULL,NULL,NULL,1350,NULL,0.86,NULL,NULL,NULL,242,361.69,NULL,6.8,32.43,NULL,204.5,64.1275,0.063,NULL,NULL,1.256,1.251,NULL,0.19,NULL,NULL,NULL,NULL,NULL,NULL,NULL,7,7.65,NULL,NULL,1.12653,5.74064,NULL,106.875,NULL,NULL,76.69,NULL,NULL,NULL,785,29,NULL,NULL,NULL,NULL,NULL,NULL,NULL,0.005,NULL,NULL,NULL,NULL
021-HYDCHENNAI,Nallathur,Surface Water,Puducherry,Karaikal,Karaikal,Cauvery Basin,Cauvery Lower,CWC,02-11-2015 00:00,NULL,NULL,NULL,NULL,NULL,0,248.279,NULL,NULL,NULL,NULL,1.82,33.4,NULL,NULL,NULL,220.27,NULL,0,NULL,NULL,NULL,NULL,NULL,NULL,NULL,NULL,NULL,NULL,NULL,NULL,1100,NULL,0.777,NULL,NULL,NULL,184.833,302.9,NULL,4.4,24.32,NULL,168,65.9042,0.069,NULL,NULL,0.707,0.706,NULL,0.005,NULL,NULL,NULL,NULL,NULL,NULL,NULL,7,7.6,NULL,NULL,1.29686,5.39598,NULL,83.5,NULL,NULL,36.11,NULL,NULL,NULL,605,29,NULL,NULL,NULL,NULL,NULL,NULL,NULL,0.001,NULL,NULL,NULL,NULL
021-HYDCHENNAI,Nallathur,Surface Water,Puducherry,Karaikal,Karaikal,Cauvery Basin,Cauvery Lower,CWC,08-12-2015 00:00,NULL,NULL,NULL,NULL,NULL,0,114.943,NULL,NULL,NULL,NULL,2.01,24.05,NULL,NULL,NULL,77.1,NULL,0,NULL,NULL,NULL,NULL,NULL,NULL,NULL,NULL,NULL,NULL,NULL,NULL,477,NULL,0.28,NULL,NULL,NULL,114.167,140.23,NULL,2,12.97,NULL,55.1,50.8279,0.039,NULL,NULL,0.194,0.193,NULL,0.01,NULL,NULL,NULL,NULL,NULL,NULL,NULL,7,7.68,NULL,NULL,0.0310613,2.25091,NULL,60.125,NULL,NULL,22.47,NULL,NULL,NULL,254,25,NULL,NULL,NULL,NULL,NULL,NULL,NULL,0.001,NULL,NULL,NULL,NULL
021-HYDCHENNAI,Nallathur,Surface Water,Puducherry,Karaikal,Karaikal,Cauvery Basin,Cauvery Lower,CWC,04-01-2016 00:00,NULL,NULL,NULL,NULL,NULL,0,164.705,NULL,NULL,NULL,NULL,1.09,34.74,NULL,NULL,NULL,117.72,NULL,0,NULL,NULL,NULL,NULL,NULL,NULL,NULL,NULL,NULL,NULL,NULL,NULL,720,NULL,0.299,NULL,NULL,NULL,164.558,200.94,NULL,4.6,18.65,NULL,90.9,53.8686,0.053,NULL,NULL,0.781,0.78,NULL,0,NULL,NULL,NULL,NULL,NULL,NULL,NULL,7,7.99,NULL,NULL,0.0252968,3.09299,NULL,86.85,NULL,NULL,29.02,NULL,NULL,NULL,382,26,NULL,NULL,NULL,NULL,NULL,NULL,NULL,0.001,NULL,NULL,NULL,NULL
021-HYDCHENNAI,Nallathur,Surface Water,Puducherry,Karaikal,Karaikal,Cauvery Basin,Cauvery Lower,CWC,22-02-2016 00:00,NULL,NULL,NULL,NULL,NULL,18.7497,89.4123,NULL,NULL,NULL,NULL,1.46,22.44,NULL,NULL,NULL,104.34,NULL,22.59,NULL,NULL,NULL,NULL,NULL,NULL,NULL,NULL,NULL,NULL,NULL,NULL,543,NULL,0.372,NULL,NULL,NULL,100.683,63.15,NULL,5.5,10.7,NULL,71.8,59.3282,0.029,NULL,NULL,0.446,0.446,NULL,0,NULL,NULL,NULL,NULL,NULL,NULL,NULL,7,8.35,NULL,NULL,0,3.12285,NULL,56.1,NULL,NULL,32.55,NULL,NULL,NULL,288,25.5,NULL,NULL,NULL,NULL,NULL,NULL,NULL,0,NULL,NULL,NULL,NULL
021-HYDCHENNAI,Nallathur,Surface Water,Puducherry,Karaikal,Karaikal,Cauvery Basin,Cauvery Lower,CWC,17-05-2016 00:00,NULL,NULL,NULL,NULL,NULL,0,152.172,NULL,NULL,NULL,NULL,1.09,32.06,NULL,NULL,NULL,147.15,NULL,0,NULL,NULL,NULL,NULL,NULL,NULL,NULL,NULL,NULL,NULL,NULL,NULL,768,NULL,0.557,NULL,NULL,NULL,144.983,185.65,NULL,4.4,15.56,NULL,112.5,62.0498,0.047,NULL,NULL,0.694,0.692,NULL,0.238,NULL,NULL,NULL,NULL,NULL,NULL,NULL,7,7.51,NULL,NULL,0.162688,4.07764,NULL,80.15,NULL,NULL,34.69,NULL,NULL,NULL,428,29,NULL,NULL,NULL,NULL,NULL,NULL,NULL,0.002,NULL,NULL,NULL,NULL
021-HYDCHENNAI,Nallathur,Surface Water,Puducherry,Karaikal,Karaikal,Cauvery Basin,Cauvery Lower,CWC,26-08-2019 00:00,NULL,NULL,NULL,NULL,NULL,0,165,0.5,0.14,NULL,NULL,2.6,25,NULL,0.5,NULL,140.9,NULL,0,NULL,NULL,NULL,13.5,8.9,NULL,NULL,NULL,NULL,NULL,NULL,NULL,852,NULL,0.49,NULL,0.1,62,161,202,NULL,6.2,23.6,NULL,110.5,59,NULL,9.4,NULL,0.84,0.83,NULL,0.15,NULL,NULL,NULL,0.9,NULL,NULL,NULL,NULL,7.1,NULL,NULL,0.1,3.8,NULL,NULL,9.4,NULL,52.6,NULL,NULL,NULL,511,25.5,NULL,NULL,NULL,NULL,NULL,NULL,8.8,0.01,NULL,NULL,NULL,NULL
021-HYDCHENNAI,Nallathur,Surface Water,Puducherry,Karaikal,Karaikal,Cauvery Basin,Cauvery Lower,CWC,16-09-2019 00:00,NULL,NULL,NULL,NULL,NULL,0,148,NULL,0.25,NULL,NULL,4,20,NULL,NULL,NULL,88.7,NULL,0,NULL,NULL,NULL,NULL,NULL,NULL,NULL,NULL,NULL,NULL,NULL,NULL,551,NULL,0.43,NULL,1,51,125,181,NULL,6.9,17.9,NULL,72.1,54,NULL,NULL,NULL,0.05,0.03,NULL,0.11,NULL,NULL,NULL,NULL,NULL,NULL,NULL,NULL,7.6,NULL,NULL,0.5,2.8,NULL,NULL,5.6,NULL,32.3,NULL,NULL,NULL,328,26,NULL,NULL,NULL,NULL,NULL,NULL,NULL,0.02,NULL,NULL,NULL,NULL
021-HYDCHENNAI,Nallathur,Surface Water,Puducherry,Karaikal,Karaikal,Cauvery Basin,Cauvery Lower,CWC,01-10-2019 00:00,NULL,NULL,NULL,NULL,NULL,0,132,NULL,0.19,NULL,NULL,3.4,18,NULL,NULL,NULL,74.3,NULL,0,NULL,NULL,NULL,NULL,NULL,NULL,NULL,NULL,NULL,NULL,NULL,NULL,509,NULL,0.43,NULL,0.6,46,104,161,NULL,3.2,13.9,NULL,61.4,56,NULL,NULL,NULL,0.19,0.18,NULL,0.09,NULL,NULL,NULL,NULL,NULL,NULL,NULL,NULL,8,NULL,NULL,0.6,2.6,NULL,NULL,1.2,NULL,22.8,NULL,NULL,NULL,305,27,NULL,NULL,NULL,NULL,NULL,NULL,NULL,0.01,NULL,NULL,NULL,NULL
021-HYDCHENNAI,Nallathur,Surface Water,Puducherry,Karaikal,Karaikal,Cauvery Basin,Cauvery Lower,CWC,01-11-2011 00:00,NULL,NULL,NULL,NULL,NULL,0,92.1639,NULL,NULL,NULL,NULL,2.17,9.62,NULL,NULL,NULL,44.67,NULL,0,NULL,NULL,NULL,NULL,NULL,NULL,NULL,NULL,NULL,NULL,NULL,NULL,330,NULL,0.357,NULL,NULL,NULL,72.675,112.44,NULL,2.8,11.67,NULL,37.8,52.0944,NULL,NULL,NULL,NULL,0.125,NULL,NULL,NULL,NULL,NULL,NULL,NULL,NULL,NULL,7.05,7.85,NULL,NULL,0.402653,1.93746,NULL,24.05,NULL,NULL,2.07,NULL,NULL,NULL,NULL,25,NULL,NULL,NULL,NULL,NULL,NULL,NULL,NULL,NULL,NULL,NULL,NULL
021-HYDCHENNAI,Nallathur,Surface Water,Puducherry,Karaikal,Karaikal,Cauvery Basin,Cauvery Lower,CWC,09-07-2011 00:00,NULL,NULL,NULL,NULL,NULL,0,280,NULL,NULL,NULL,NULL,1.364,54.51,NULL,NULL,NULL,135.64,NULL,0,NULL,NULL,NULL,NULL,NULL,NULL,NULL,NULL,NULL,NULL,NULL,NULL,1086,NULL,0.776,NULL,NULL,NULL,160.567,341.6,NULL,6.7,5.83,NULL,154.3,66.5636,NULL,NULL,NULL,NULL,3.96,NULL,NULL,NULL,NULL,NULL,NULL,NULL,NULL,NULL,7,7.72,NULL,NULL,2.3992,5.30599,NULL,136.275,NULL,NULL,21.32,NULL,NULL,NULL,NULL,29.5,NULL,NULL,NULL,NULL,NULL,NULL,NULL,NULL,NULL,NULL,NULL,NULL
021-HYDCHENNAI,Nallathur,Surface Water,Puducherry,Karaikal,Karaikal,Cauvery Basin,Cauvery Lower,CWC,01-12-2008 00:00,NULL,NULL,NULL,NULL,NULL,0,100,NULL,NULL,NULL,NULL,NULL,19.2,NULL,NULL,NULL,47.6765,NULL,0,NULL,NULL,NULL,NULL,NULL,NULL,NULL,NULL,NULL,NULL,NULL,NULL,206,NULL,NULL,NULL,NULL,NULL,94.575,122,NULL,NULL,11.178,NULL,NULL,NULL,NULL,NULL,NULL,NULL,NULL,NULL,NULL,NULL,NULL,NULL,NULL,NULL,NULL,NULL,7,7,NULL,NULL,0.121747,NULL,NULL,48,NULL,NULL,NULL,NULL,NULL,NULL,NULL,26.25,NULL,NULL,NULL,NULL,NULL,NULL,NULL,NULL,NULL,NULL,NULL,NULL
021-HYDCHENNAI,Nallathur,Surface Water,Puducherry,Karaikal,Karaikal,Cauvery Basin,Cauvery Lower,CWC,01-11-2016 00:00,NULL,NULL,NULL,NULL,NULL,0,283.361,NULL,NULL,NULL,NULL,0.82,38.48,NULL,NULL,NULL,248.49,NULL,0,NULL,NULL,NULL,NULL,NULL,NULL,NULL,NULL,NULL,NULL,NULL,NULL,1254,NULL,0.641,NULL,NULL,NULL,209.7,345.7,NULL,5.7,27.24,NULL,191.5,65.9136,0.136,NULL,NULL,0.946,0.942,NULL,0.178,NULL,NULL,NULL,NULL,NULL,NULL,NULL,7,7.69,NULL,NULL,1.5046,5.77437,NULL,96.2,NULL,NULL,42.06,NULL,NULL,NULL,696,28,NULL,NULL,NULL,NULL,NULL,NULL,NULL,0.004,NULL,NULL,NULL,NULL
021-HYDCHENNAI,Nallathur,Surface Water,Puducherry,Karaikal,Karaikal,Cauvery Basin,Cauvery Lower,CWC,11-01-2018 00:00,NULL,NULL,NULL,NULL,NULL,0,97,NULL,NULL,NULL,NULL,2,22,NULL,NULL,NULL,96.1,NULL,0,NULL,NULL,NULL,NULL,NULL,NULL,NULL,NULL,NULL,NULL,NULL,NULL,601,NULL,0.59,NULL,NULL,56,121,118,NULL,4.7,15.6,NULL,74.6,56,0.02,NULL,NULL,0.03,0.02,NULL,0,NULL,NULL,NULL,NULL,NULL,NULL,NULL,7,8.3,NULL,NULL,0,3,NULL,NULL,NULL,NULL,37.8,NULL,NULL,NULL,313,25,NULL,NULL,NULL,NULL,NULL,NULL,NULL,0.01,NULL,NULL,NULL,NULL
021-HYDCHENNAI,Nallathur,Surface Water,Puducherry,Karaikal,Karaikal,Cauvery Basin,Cauvery Lower,CWC,02-12-2019 00:00,NULL,NULL,NULL,NULL,NULL,0,90,4.2,0.07,NULL,NULL,2.2,15,NULL,0,NULL,36.2,NULL,0,NULL,NULL,NULL,0.8,0.1,NULL,NULL,NULL,NULL,NULL,NULL,NULL,266,NULL,0.21,NULL,0.1,38,85,110,NULL,2.1,11.1,NULL,25.8,39,NULL,1.7,NULL,0.21,0.17,NULL,0.06,NULL,NULL,NULL,0,NULL,NULL,NULL,NULL,7.7,NULL,NULL,0.1,1.2,NULL,NULL,0,NULL,9.8,NULL,NULL,NULL,154,26,NULL,NULL,NULL,NULL,NULL,NULL,0.2,0.04,NULL,NULL,NULL,NULL
021-HYDCHENNAI,Nallathur,Surface Water,Puducherry,Karaikal,Karaikal,Cauvery Basin,Cauvery Lower,CWC,01-01-2020 00:00,NULL,NULL,NULL,NULL,NULL,0,154,NULL,0.03,NULL,NULL,1.6,31,NULL,NULL,NULL,69.8,NULL,0,NULL,NULL,NULL,NULL,NULL,NULL,NULL,NULL,NULL,NULL,NULL,NULL,536,NULL,0.35,NULL,0,77,155,188,NULL,3.5,18.7,NULL,54,43,NULL,NULL,NULL,0.41,0.35,NULL,0.05,NULL,NULL,NULL,NULL,NULL,NULL,NULL,NULL,7.8,NULL,NULL,0,1.9,NULL,NULL,12.5,NULL,21.8,NULL,NULL,NULL,323,24,NULL,NULL,NULL,NULL,NULL,NULL,NULL,0.06,NULL,NULL,NULL,NULL
021-HYDCHENNAI,Nallathur,Surface Water,Puducherry,Karaikal,Karaikal,Cauvery Basin,Cauvery Lower,CWC,27-08-2018 00:00,NULL,NULL,NULL,NULL,NULL,0,129,NULL,NULL,NULL,NULL,1.5,19,NULL,NULL,NULL,36,NULL,0,NULL,NULL,NULL,NULL,NULL,NULL,NULL,NULL,NULL,NULL,NULL,NULL,358,NULL,0.4,NULL,NULL,48,76,158,NULL,3.9,6.7,NULL,48.6,57,0.05,NULL,NULL,0.29,0.29,NULL,0.13,NULL,NULL,NULL,NULL,NULL,NULL,NULL,7,7.6,NULL,NULL,1.1,2.4,NULL,NULL,NULL,NULL,18.8,NULL,NULL,NULL,190,27.3,NULL,NULL,NULL,NULL,NULL,NULL,NULL,0,NULL,NULL,NULL,NULL
021-HYDCHENNAI,Nallathur,Surface Water,Puducherry,Karaikal,Karaikal,Cauvery Basin,Cauvery Lower,CWC,01-10-2018 00:00,NULL,NULL,NULL,NULL,NULL,0,97,NULL,NULL,NULL,NULL,2.1,14,NULL,NULL,NULL,71.8,NULL,0,NULL,NULL,NULL,NULL,NULL,NULL,NULL,NULL,NULL,NULL,NULL,NULL,443,NULL,0.21,NULL,NULL,36,88,118,NULL,3.2,12.5,NULL,55.8,57,0.12,NULL,NULL,1.82,1.81,NULL,0.03,NULL,NULL,NULL,NULL,NULL,NULL,NULL,7,7.5,NULL,NULL,0.2,2.6,NULL,NULL,NULL,NULL,19.9,NULL,NULL,NULL,226,26,NULL,NULL,NULL,NULL,NULL,NULL,NULL,0.01,NULL,NULL,NULL,NULL
021-HYDCHENNAI,Nallathur,Surface Water,Puducherry,Karaikal,Karaikal,Cauvery Basin,Cauvery Lower,CWC,02-11-2018 00:00,NULL,NULL,NULL,NULL,NULL,0,126,NULL,NULL,NULL,NULL,3.1,20,NULL,NULL,NULL,86.3,NULL,0,NULL,NULL,NULL,NULL,NULL,NULL,NULL,NULL,NULL,NULL,NULL,NULL,553,NULL,0.37,NULL,NULL,51,103,154,NULL,3.5,12.4,NULL,68.2,58,0.12,NULL,NULL,0.54,0.53,NULL,0.16,NULL,NULL,NULL,NULL,NULL,NULL,NULL,7,7.7,NULL,NULL,0.5,2.9,NULL,NULL,NULL,NULL,23.1,NULL,NULL,NULL,293,26.5,NULL,NULL,NULL,NULL,NULL,NULL,NULL,0.01,NULL,NULL,NULL,NULL
021-HYDCHENNAI,Nallathur,Surface Water,Puducherry,Karaikal,Karaikal,Cauvery Basin,Cauvery Lower,CWC,01-12-2018 00:00,NULL,NULL,NULL,NULL,NULL,0,106,8.6,NULL,NULL,NULL,2.5,18,NULL,0,NULL,39.2,NULL,0,NULL,NULL,NULL,10.3,4.3,NULL,NULL,NULL,NULL,NULL,NULL,NULL,320,NULL,0.28,NULL,0.1,45,90,129,NULL,2.9,10.8,NULL,31.8,43,0.05,8.4,NULL,0.46,0.31,NULL,0.1,NULL,NULL,NULL,2.1,NULL,NULL,NULL,7,7.9,NULL,NULL,0.3,1.5,NULL,NULL,NULL,NULL,6.6,NULL,NULL,NULL,171,27,NULL,NULL,NULL,NULL,NULL,NULL,25.6,0.15,NULL,NULL,NULL,NULL
021-HYDCHENNAI,Nallathur,Surface Water,Puducherry,Karaikal,Karaikal,Cauvery Basin,Cauvery Lower,CWC,01-10-2020 00:00,NULL,NULL,NULL,NULL,NULL,NULL,NULL,NULL,0.27,NULL,NULL,2.98,19.48,NULL,NULL,NULL,67.31,NULL,0,NULL,24,NULL,NULL,NULL,NULL,NULL,NULL,NULL,4.37,NULL,NULL,514.6,NULL,0.42,NULL,NULL,NULL,NULL,199.4,NULL,3.9,17.27,NULL,60.4,NULL,NULL,NULL,NULL,0.05,0.03,NULL,0.05,NULL,NULL,NULL,NULL,NULL,NULL,NULL,NULL,7.72,NULL,NULL,NULL,NULL,NULL,NULL,6.19,NULL,19.14,NULL,NULL,NULL,309.5,25,NULL,NULL,NULL,NULL,94.1,NULL,NULL,0.02,NULL,NULL,NULL,NULL
021-HYDCHENNAI,Nallathur,Surface Water,Puducherry,Karaikal,Karaikal,Cauvery Basin,Cauvery Lower,CWC,06-01-2021 00:00,NULL,NULL,NULL,NULL,NULL,NULL,NULL,NULL,0.02,NULL,NULL,2.95,30.25,NULL,NULL,NULL,59.6,NULL,0,NULL,25,NULL,NULL,NULL,NULL,NULL,NULL,NULL,4.53,NULL,NULL,532.4,NULL,0.3,NULL,NULL,NULL,NULL,226.02,NULL,6,22.03,NULL,46.1,NULL,0.22,NULL,NULL,1.16,1.01,NULL,0.11,NULL,NULL,NULL,NULL,NULL,NULL,NULL,NULL,7.61,NULL,NULL,NULL,NULL,NULL,NULL,13.81,NULL,19.12,NULL,NULL,NULL,315.8,21.5,NULL,NULL,NULL,NULL,49.6,NULL,NULL,0.15,NULL,NULL,NULL,NULL
021-HYDCHENNAI,Nallathur,Surface Water,Puducherry,Karaikal,Karaikal,Cauvery Basin,Cauvery Lower,CWC,01-12-2020 00:00,NULL,NULL,NULL,NULL,NULL,NULL,NULL,NULL,0.23,NULL,NULL,3.61,25.96,NULL,NULL,NULL,62.73,NULL,0,NULL,10,NULL,NULL,NULL,NULL,NULL,NULL,NULL,4.82,NULL,NULL,495.9,NULL,0.4,NULL,NULL,NULL,NULL,226.39,NULL,3.2,21.31,NULL,51.9,NULL,NULL,NULL,NULL,1.02,1,NULL,0.14,NULL,NULL,NULL,NULL,NULL,NULL,NULL,NULL,8.08,NULL,NULL,NULL,NULL,NULL,NULL,5.91,NULL,6.29,NULL,NULL,NULL,298.2,24.5,NULL,NULL,NULL,NULL,87.6,NULL,NULL,0.02,NULL,NULL,NULL,NULL
021-HYDCHENNAI,Nallathur,Surface Water,Puducherry,Karaikal,Karaikal,Cauvery Basin,Cauvery Lower,CWC,16-11-2020 00:00,NULL,NULL,NULL,NULL,NULL,NULL,NULL,NULL,0.09,NULL,NULL,3.81,24.43,NULL,NULL,NULL,63.35,NULL,0,NULL,12,NULL,NULL,NULL,NULL,NULL,NULL,NULL,5.42,NULL,NULL,540.9,NULL,0.43,NULL,NULL,NULL,NULL,228.75,NULL,3.3,19.46,NULL,55.9,NULL,NULL,NULL,NULL,0.4,0.34,NULL,0.15,NULL,NULL,NULL,NULL,NULL,NULL,NULL,NULL,7.73,NULL,NULL,NULL,NULL,NULL,NULL,14.1,NULL,6.89,NULL,NULL,NULL,285.2,20,NULL,NULL,NULL,NULL,5.33,NULL,NULL,0.06,NULL,NULL,NULL,NULL
021-HYDCHENNAI,Nallathur,Surface Water,Puducherry,Karaikal,Karaikal,Cauvery Basin,Cauvery Lower,CWC,21-08-2021 00:00,NULL,NULL,NULL,NULL,NULL,NULL,NULL,NULL,0.37,NULL,NULL,NULL,20.23,NULL,NULL,NULL,80.37,NULL,0,NULL,NULL,NULL,NULL,NULL,NULL,NULL,NULL,NULL,7.09,NULL,NULL,685,NULL,0.4,NULL,NULL,NULL,NULL,251.55,NULL,5.5,16.06,NULL,115.5,NULL,0.17,NULL,NULL,5.85,5.85,NULL,0.09,NULL,NULL,NULL,NULL,NULL,NULL,NULL,NULL,7.65,NULL,NULL,NULL,NULL,NULL,NULL,12.48,NULL,32.43,NULL,NULL,NULL,413.6,30,NULL,NULL,NULL,NULL,7.6,NULL,NULL,0,NULL,NULL,3.04,NULL
021-HYDCHENNAI,Nallathur,Surface Water,Puducherry,Karaikal,Karaikal,Cauvery Basin,Cauvery Lower,CWC,01-10-2016 00:00,NULL,NULL,NULL,NULL,NULL,53.95,362.514,NULL,NULL,NULL,NULL,1.81,44.89,NULL,NULL,NULL,329.52,NULL,65,NULL,NULL,NULL,NULL,NULL,NULL,NULL,NULL,NULL,NULL,NULL,NULL,1653,NULL,0.64,NULL,NULL,NULL,258.142,310.1,NULL,7.7,35.02,NULL,255,67.589,0.0801,NULL,NULL,1.074,1.072,NULL,0.011,NULL,NULL,NULL,NULL,NULL,NULL,NULL,7,8.64,NULL,NULL,2.12765,6.9311,NULL,112.225,NULL,NULL,55.08,NULL,NULL,NULL,910,26,NULL,NULL,NULL,NULL,NULL,NULL,NULL,0.002,NULL,NULL,NULL,NULL
021-HYDCHENNAI,Nallathur,Surface Water,Puducherry,Karaikal,Karaikal,Cauvery Basin,Cauvery Lower,CWC,01-09-2016 00:00,NULL,NULL,NULL,NULL,NULL,0,100,NULL,NULL,NULL,NULL,2.36,16.03,NULL,NULL,NULL,91.83,NULL,0,NULL,NULL,NULL,NULL,NULL,NULL,NULL,NULL,NULL,NULL,NULL,NULL,468,NULL,0.316,NULL,NULL,NULL,72.4917,122,NULL,5.3,7.78,NULL,70.1,65.9294,0.0944,NULL,NULL,0.662,0.66,NULL,0.02,NULL,NULL,NULL,NULL,NULL,NULL,NULL,7,7.63,NULL,NULL,0.55956,3.59327,NULL,40.075,NULL,NULL,15.94,NULL,NULL,NULL,267,30,NULL,NULL,NULL,NULL,NULL,NULL,NULL,0.002,NULL,NULL,NULL,NULL
021-HYDCHENNAI,Nallathur,Surface Water,Puducherry,Karaikal,Karaikal,Cauvery Basin,Cauvery Lower,CWC,30-08-2016 00:00,NULL,NULL,NULL,NULL,NULL,21.4223,193.59,NULL,NULL,NULL,NULL,1,25.65,NULL,NULL,NULL,163.2,NULL,25.81,NULL,NULL,NULL,NULL,NULL,NULL,NULL,NULL,NULL,NULL,NULL,NULL,843,NULL,0.424,NULL,NULL,NULL,141.125,183.7,NULL,6.3,18.48,NULL,125,64.7357,0.0789,NULL,NULL,0.876,0.874,NULL,0.041,NULL,NULL,NULL,NULL,NULL,NULL,NULL,7,8.45,NULL,NULL,1.07067,4.59466,NULL,64.125,NULL,NULL,25.24,NULL,NULL,NULL,464,28,NULL,NULL,NULL,NULL,NULL,NULL,NULL,0.002,NULL,NULL,NULL,NULL
021-HYDCHENNAI,Nallathur,Surface Water,Puducherry,Karaikal,Karaikal,Cauvery Basin,Cauvery Lower,CWC,07-06-2016 00:00,NULL,NULL,NULL,NULL,NULL,0,247.828,NULL,NULL,NULL,NULL,2.01,38.48,NULL,NULL,NULL,197.98,NULL,0,NULL,NULL,NULL,NULL,NULL,NULL,NULL,NULL,NULL,NULL,NULL,NULL,1063,NULL,0.715,NULL,NULL,NULL,201.575,302.35,NULL,5.3,25.29,NULL,151,61.3552,0.042,NULL,NULL,0.917,0.917,NULL,0.094,NULL,NULL,NULL,NULL,NULL,NULL,NULL,7,7.69,NULL,NULL,0.954503,4.64355,NULL,96.2,NULL,NULL,40.64,NULL,NULL,NULL,625,29,NULL,NULL,NULL,NULL,NULL,NULL,NULL,0,NULL,NULL,NULL,NULL
021-HYDCHENNAI,Nallathur,Surface Water,Puducherry,Karaikal,Karaikal,Cauvery Basin,Cauvery Lower,CWC,09-05-2014 00:00,NULL,NULL,NULL,NULL,NULL,13.8942,181.392,2.78,NULL,NULL,NULL,1.64,28.69,NULL,0.019,NULL,147.47,NULL,16.74,NULL,NULL,NULL,0.94,7.83,NULL,NULL,NULL,NULL,NULL,NULL,NULL,855,NULL,0.65,NULL,0.056,NULL,186.85,187.26,NULL,5.4,27.63,NULL,104,54.0649,NULL,6.91,NULL,NULL,6.25,NULL,NULL,NULL,NULL,NULL,4.605,NULL,NULL,NULL,7,8.33,NULL,NULL,0,3.32351,NULL,71.725,NULL,NULL,34.99,NULL,NULL,NULL,454,27,NULL,NULL,NULL,NULL,NULL,NULL,12,NULL,NULL,NULL,NULL,NULL
021-HYDCHENNAI,Nallathur,Surface Water,Puducherry,Karaikal,Karaikal,Cauvery Basin,Cauvery Lower,CWC,13-08-2013 00:00,NULL,NULL,NULL,NULL,NULL,0,244.902,NULL,NULL,NULL,NULL,1.46,21.71,NULL,NULL,NULL,195.68,NULL,0,NULL,NULL,NULL,NULL,NULL,NULL,NULL,NULL,NULL,NULL,NULL,NULL,1006,NULL,1.03,NULL,NULL,NULL,125.983,298.78,NULL,5.3,17.21,NULL,184,75.2304,NULL,NULL,NULL,NULL,2.48,NULL,NULL,NULL,NULL,NULL,NULL,NULL,NULL,NULL,7,7.9,NULL,NULL,2.39778,7.15915,NULL,54.275,NULL,NULL,35.6,NULL,NULL,NULL,536,30,NULL,NULL,NULL,NULL,NULL,NULL,NULL,NULL,NULL,NULL,NULL,NULL
021-HYDCHENNAI,Nallathur,Surface Water,Puducherry,Karaikal,Karaikal,Cauvery Basin,Cauvery Lower,CWC,01-01-2013 00:00,NULL,NULL,NULL,NULL,NULL,0,253.057,NULL,NULL,NULL,NULL,2.82,37.68,NULL,NULL,NULL,118.65,NULL,0,NULL,NULL,NULL,NULL,NULL,NULL,NULL,NULL,NULL,NULL,NULL,NULL,706,NULL,0.91,NULL,NULL,NULL,157.658,308.73,NULL,4.9,15.23,NULL,131,63.6158,NULL,NULL,NULL,NULL,0.85,NULL,NULL,NULL,NULL,NULL,NULL,NULL,NULL,NULL,7,7.92,NULL,NULL,1.92682,4.55223,NULL,94.2,NULL,NULL,26.92,NULL,NULL,NULL,377,25.5,NULL,NULL,NULL,NULL,NULL,NULL,NULL,NULL,NULL,NULL,NULL,NULL
021-HYDCHENNAI,Nallathur,Surface Water,Puducherry,Karaikal,Karaikal,Cauvery Basin,Cauvery Lower,CWC,01-11-2012 00:00,NULL,NULL,NULL,NULL,NULL,12.1927,69.385,NULL,NULL,NULL,NULL,2.34,9.42,NULL,NULL,NULL,26.04,NULL,14.69,NULL,NULL,NULL,NULL,NULL,NULL,NULL,NULL,NULL,NULL,NULL,NULL,244,NULL,0.41,NULL,NULL,NULL,59.2583,54.78,NULL,2.3,8.57,NULL,22.7,44.4466,NULL,NULL,NULL,NULL,0.237,NULL,NULL,NULL,NULL,NULL,NULL,NULL,NULL,NULL,7,8.32,NULL,NULL,0.21227,1.28804,NULL,23.55,NULL,NULL,4.18,NULL,NULL,NULL,129,26,NULL,NULL,NULL,NULL,NULL,NULL,NULL,NULL,NULL,NULL,NULL,NULL
021-HYDCHENNAI,Nallathur,Surface Water,Puducherry,Karaikal,Karaikal,Cauvery Basin,Cauvery Lower,CWC,20-10-2012 00:00,NULL,NULL,NULL,NULL,NULL,0,155.098,NULL,NULL,NULL,NULL,2.28,23.55,NULL,NULL,NULL,39.94,NULL,0,NULL,NULL,NULL,NULL,NULL,NULL,NULL,NULL,NULL,NULL,NULL,NULL,520,NULL,0.72,NULL,NULL,NULL,126.333,189.22,NULL,4.2,16.19,NULL,42,41.1295,NULL,NULL,NULL,NULL,0.13,NULL,NULL,NULL,NULL,NULL,NULL,NULL,NULL,NULL,7,7.64,NULL,NULL,0.594057,1.63158,NULL,58.875,NULL,NULL,25.5,NULL,NULL,NULL,277,24,NULL,NULL,NULL,NULL,NULL,NULL,NULL,NULL,NULL,NULL,NULL,NULL
021-HYDCHENNAI,Nallathur,Surface Water,Puducherry,Karaikal,Karaikal,Cauvery Basin,Cauvery Lower,CWC,02-01-2012 00:00,NULL,NULL,NULL,NULL,NULL,0,167.041,NULL,NULL,NULL,NULL,1.81,14.43,NULL,NULL,NULL,61.86,NULL,0,NULL,NULL,NULL,NULL,NULL,NULL,NULL,NULL,NULL,NULL,NULL,NULL,507,NULL,0.268,NULL,NULL,NULL,141.408,203.79,NULL,5.3,25.28,NULL,47.9,41.5092,NULL,NULL,NULL,NULL,0.712,NULL,NULL,NULL,NULL,NULL,NULL,NULL,NULL,NULL,7,7.23,NULL,NULL,0.540019,1.76079,NULL,36.075,NULL,NULL,12.6,NULL,NULL,NULL,NULL,25,NULL,NULL,NULL,NULL,NULL,NULL,NULL,NULL,NULL,NULL,NULL,NULL
021-HYDCHENNAI,Nallathur,Surface Water,Puducherry,Karaikal,Karaikal,Cauvery Basin,Cauvery Lower,CWC,01-12-2011 00:00,NULL,NULL,NULL,NULL,NULL,0,149.762,NULL,NULL,NULL,NULL,2.6,9.62,NULL,NULL,NULL,41.24,NULL,0,NULL,NULL,NULL,NULL,NULL,NULL,NULL,NULL,NULL,NULL,NULL,NULL,430,NULL,0.264,NULL,NULL,NULL,113.175,182.71,NULL,4.6,21.39,NULL,38.9,41.7799,NULL,NULL,NULL,NULL,0.554,NULL,NULL,NULL,NULL,NULL,NULL,NULL,NULL,NULL,7,7.83,NULL,NULL,0.754634,1.59876,NULL,24.05,NULL,NULL,2.97,NULL,NULL,NULL,NULL,29.5,NULL,NULL,NULL,NULL,NULL,NULL,NULL,NULL,NULL,NULL,NULL,NULL
021-HYDCHENNAI,Nallathur,Surface Water,Puducherry,Karaikal,Karaikal,Cauvery Basin,Cauvery Lower,CWC,01-11-2010 00:00,NULL,NULL,NULL,NULL,NULL,0,242.557,NULL,NULL,NULL,NULL,0.975,21.26,NULL,NULL,NULL,68.51,NULL,0,NULL,NULL,NULL,NULL,NULL,NULL,NULL,NULL,NULL,NULL,NULL,NULL,568,NULL,0.498,NULL,NULL,NULL,126.067,295.92,NULL,4.3,17.5,NULL,87.5,59.3115,NULL,NULL,NULL,NULL,0.472,NULL,NULL,NULL,NULL,NULL,NULL,NULL,NULL,NULL,7,7.74,NULL,NULL,2.34949,3.40353,NULL,53.15,NULL,NULL,13.04,NULL,NULL,NULL,NULL,26.5,NULL,NULL,NULL,NULL,NULL,NULL,NULL,NULL,NULL,NULL,NULL,NULL
021-HYDCHENNAI,Nallathur,Surface Water,Puducherry,Karaikal,Karaikal,Cauvery Basin,Cauvery Lower,CWC,04-10-2010 00:00,NULL,NULL,NULL,NULL,NULL,0,201.746,NULL,NULL,NULL,NULL,1.019,16.35,NULL,NULL,NULL,69.8,NULL,0,NULL,NULL,NULL,NULL,NULL,NULL,NULL,NULL,NULL,NULL,NULL,NULL,565,NULL,0.542,NULL,NULL,NULL,101.625,246.13,NULL,4.7,14.58,NULL,83.5,62.9693,NULL,NULL,NULL,NULL,0.517,NULL,NULL,NULL,NULL,NULL,NULL,NULL,NULL,NULL,7,7.84,NULL,NULL,2.01869,3.61787,NULL,40.875,NULL,NULL,15.49,NULL,NULL,NULL,NULL,26.8,NULL,NULL,NULL,NULL,NULL,NULL,NULL,NULL,NULL,NULL,NULL,NULL
021-HYDCHENNAI,Nallathur,Surface Water,Puducherry,Karaikal,Karaikal,Cauvery Basin,Cauvery Lower,CWC,25-08-2010 00:00,NULL,NULL,NULL,NULL,NULL,0,245.164,NULL,NULL,NULL,NULL,1.063,29.43,NULL,NULL,NULL,78.02,NULL,0,NULL,NULL,NULL,NULL,NULL,NULL,NULL,NULL,NULL,NULL,NULL,NULL,630,NULL,0.524,NULL,NULL,NULL,162.7,299.1,NULL,7.4,21.39,NULL,88.4,52.94,NULL,NULL,NULL,NULL,1.24,NULL,NULL,NULL,NULL,NULL,NULL,NULL,NULL,NULL,7,7.94,NULL,NULL,1.67379,3.02628,NULL,73.575,NULL,NULL,42.1,NULL,NULL,NULL,NULL,27,NULL,NULL,NULL,NULL,NULL,NULL,NULL,NULL,NULL,NULL,NULL,NULL
021-HYDCHENNAI,Nallathur,Surface Water,Puducherry,Karaikal,Karaikal,Cauvery Basin,Cauvery Lower,CWC,01-12-2009 00:00,NULL,NULL,NULL,NULL,NULL,0,288.3,NULL,NULL,NULL,NULL,0.556,34.28,NULL,NULL,NULL,89.2825,NULL,0,NULL,NULL,NULL,NULL,NULL,NULL,NULL,NULL,NULL,NULL,NULL,NULL,612,NULL,0.3534,NULL,NULL,NULL,142.4,351.726,NULL,8.602,13.608,NULL,112.056,61.506,NULL,NULL,NULL,NULL,NULL,NULL,NULL,NULL,NULL,NULL,NULL,NULL,NULL,NULL,7,7.45,NULL,NULL,2.93473,4.09715,NULL,85.7,NULL,NULL,17.856,NULL,NULL,NULL,NULL,24.3,NULL,NULL,NULL,NULL,NULL,NULL,NULL,NULL,NULL,NULL,NULL,NULL
021-HYDCHENNAI,Nallathur,Surface Water,Puducherry,Karaikal,Karaikal,Cauvery Basin,Cauvery Lower,CWC,31-12-2016 00:00,NULL,NULL,NULL,NULL,NULL,0,163.443,3.04,NULL,NULL,NULL,1.88,25.65,NULL,0.01,NULL,170.71,NULL,0,NULL,NULL,NULL,2.29,2.45,NULL,NULL,NULL,NULL,NULL,NULL,NULL,859,NULL,0.487,NULL,0.111,NULL,124.917,199.4,NULL,3.8,14.59,NULL,129.8,68.654,0.0329,6.13,NULL,0.509,0.508,NULL,0.016,NULL,NULL,NULL,1.18,NULL,NULL,NULL,7,8.08,NULL,NULL,0.78778,5.06958,NULL,64.125,NULL,NULL,36.42,NULL,NULL,NULL,466,25,NULL,NULL,NULL,NULL,NULL,NULL,0.6,0.001,NULL,NULL,NULL,NULL
021-HYDCHENNAI,Nallathur,Surface Water,Puducherry,Karaikal,Karaikal,Cauvery Basin,Cauvery Lower,CWC,02-01-2017 00:00,NULL,NULL,NULL,NULL,NULL,0,163.443,NULL,NULL,NULL,NULL,0.13,24.05,NULL,NULL,NULL,148.68,NULL,0,NULL,NULL,NULL,NULL,NULL,NULL,NULL,NULL,NULL,NULL,NULL,NULL,785,NULL,0.351,NULL,NULL,NULL,120.917,199.4,NULL,4.6,14.59,NULL,115.2,66.5517,0.03,NULL,NULL,0.493,0.492,NULL,0.012,NULL,NULL,NULL,NULL,NULL,NULL,NULL,7,7.67,NULL,NULL,0.867628,4.57356,NULL,60.125,NULL,NULL,34.78,NULL,NULL,NULL,429,25,NULL,NULL,NULL,NULL,NULL,NULL,NULL,0.001,NULL,NULL,NULL,NULL
021-HYDCHENNAI,Nallathur,Surface Water,Puducherry,Karaikal,Karaikal,Cauvery Basin,Cauvery Lower,CWC,01-02-2017 00:00,NULL,NULL,NULL,NULL,NULL,0,96.8443,NULL,NULL,NULL,NULL,1.7,12.83,NULL,NULL,NULL,90.36,NULL,0,NULL,NULL,NULL,NULL,NULL,NULL,NULL,NULL,NULL,NULL,NULL,NULL,485,NULL,0.345,NULL,NULL,NULL,68.575,118.15,NULL,4,8.76,NULL,70.3,67.6326,0.0356,NULL,NULL,0.829,0.825,NULL,0,NULL,NULL,NULL,NULL,NULL,NULL,NULL,7,8.1,NULL,NULL,0.575508,3.70669,NULL,32.075,NULL,NULL,10.6,NULL,NULL,NULL,268,24,NULL,NULL,NULL,NULL,NULL,NULL,NULL,0.004,NULL,NULL,NULL,NULL
021-HYDCHENNAI,Nallathur,Surface Water,Puducherry,Karaikal,Karaikal,Cauvery Basin,Cauvery Lower,CWC,01-12-2017 00:00,NULL,NULL,NULL,NULL,NULL,0,93,2.06,NULL,NULL,NULL,1.5,18,NULL,0.06,NULL,64.7,NULL,0,NULL,NULL,NULL,5.15,1.88,NULL,NULL,NULL,NULL,NULL,NULL,NULL,397,NULL,0.39,NULL,0,44,101,113,NULL,3.1,13.6,NULL,50,51,0.02,0.55,NULL,0.09,0.08,NULL,0,NULL,NULL,NULL,0.98,NULL,NULL,NULL,7,8.3,NULL,NULL,0,2.2,NULL,NULL,NULL,NULL,11.6,NULL,NULL,NULL,211,25.5,NULL,NULL,NULL,NULL,NULL,NULL,0.01,0.01,NULL,NULL,NULL,NULL
022-HYDCHENNAI,Annavasal,Surface Water,Puducherry,Karaikal,Karaikal,Cauvery Basin,Cauvery Lower,CWC,23-11-2015 00:00,NULL,NULL,NULL,NULL,NULL,0,91.9508,NULL,NULL,NULL,NULL,0.73,17.37,NULL,NULL,NULL,44.05,NULL,0,NULL,NULL,NULL,NULL,NULL,NULL,NULL,NULL,NULL,NULL,NULL,NULL,311,NULL,0.259,NULL,NULL,NULL,87.3417,112.18,NULL,3.4,10.54,NULL,30,41.7436,0.057,NULL,NULL,0.207,0.204,NULL,0.016,NULL,NULL,NULL,NULL,NULL,NULL,NULL,7,7.6,NULL,NULL,0.104611,1.40138,NULL,43.425,NULL,NULL,14.31,NULL,NULL,NULL,167,25,NULL,NULL,NULL,NULL,NULL,NULL,NULL,0.003,NULL,NULL,NULL,NULL
022-HYDCHENNAI,Annavasal,Surface Water,Puducherry,Karaikal,Karaikal,Cauvery Basin,Cauvery Lower,CWC,01-01-2015 00:00,NULL,NULL,NULL,NULL,NULL,0,175,NULL,NULL,NULL,NULL,1.46,40.5,NULL,NULL,NULL,91.75,NULL,0,NULL,NULL,NULL,NULL,NULL,NULL,NULL,NULL,NULL,NULL,NULL,NULL,655,NULL,0.331,NULL,NULL,NULL,178.042,213.5,NULL,5.6,18.43,NULL,69.7,45.1646,0.06,NULL,NULL,2.99,2.99,NULL,0.013,NULL,NULL,NULL,NULL,NULL,NULL,NULL,8,7.95,NULL,NULL,0,2.27956,NULL,101.25,NULL,NULL,27.43,NULL,NULL,NULL,345,26,NULL,NULL,NULL,NULL,NULL,NULL,NULL,0,NULL,NULL,NULL,NULL
022-HYDCHENNAI,Annavasal,Surface Water,Puducherry,Karaikal,Karaikal,Cauvery Basin,Cauvery Lower,CWC,02-01-2012 00:00,NULL,NULL,NULL,NULL,NULL,0,161.279,NULL,NULL,NULL,NULL,1.83,27.25,NULL,NULL,NULL,65.29,NULL,0,NULL,NULL,NULL,NULL,NULL,NULL,NULL,NULL,NULL,NULL,NULL,NULL,531,NULL,0.317,NULL,NULL,NULL,149.125,196.76,NULL,5.4,19.44,NULL,50.5,41.4902,NULL,NULL,NULL,NULL,0.703,NULL,NULL,NULL,NULL,NULL,NULL,NULL,NULL,NULL,7,7.37,NULL,NULL,0.265564,1.80574,NULL,68.125,NULL,NULL,22.42,NULL,NULL,NULL,NULL,25.5,NULL,NULL,NULL,NULL,NULL,NULL,NULL,NULL,NULL,NULL,NULL,NULL
022-HYDCHENNAI,Annavasal,Surface Water,Puducherry,Karaikal,Karaikal,Cauvery Basin,Cauvery Lower,CWC,01-12-2012 00:00,NULL,NULL,NULL,NULL,NULL,0,142.861,NULL,NULL,NULL,NULL,1.24,31.4,NULL,NULL,NULL,54.98,NULL,0,NULL,NULL,NULL,NULL,NULL,NULL,NULL,NULL,NULL,NULL,NULL,NULL,437,NULL,0.703,NULL,NULL,NULL,145.958,174.29,NULL,3.4,16.19,NULL,33.5,32.7941,NULL,NULL,NULL,NULL,0.209,NULL,NULL,NULL,NULL,NULL,NULL,NULL,NULL,NULL,7,7.72,NULL,NULL,0,1.21027,NULL,78.5,NULL,NULL,14.65,NULL,NULL,NULL,233,24,NULL,NULL,NULL,NULL,NULL,NULL,NULL,NULL,NULL,NULL,NULL,NULL
022-HYDCHENNAI,Annavasal,Surface Water,Puducherry,Karaikal,Karaikal,Cauvery Basin,Cauvery Lower,CWC,11-08-2013 00:00,NULL,NULL,NULL,NULL,NULL,0,73.4672,NULL,NULL,NULL,NULL,1.46,23.38,NULL,0.207,NULL,25.52,NULL,0,NULL,NULL,NULL,0.85,2.64,NULL,NULL,NULL,NULL,NULL,NULL,NULL,198,NULL,0.34,NULL,0.04,NULL,79.5333,89.63,0.09,3.5,5.06,NULL,13.6,26.1265,NULL,10.45,NULL,NULL,1.56,NULL,NULL,NULL,NULL,NULL,6.65,NULL,NULL,NULL,8,7.78,NULL,NULL,0,0.6649,NULL,58.45,NULL,NULL,8.94,NULL,NULL,NULL,106,24,NULL,NULL,NULL,NULL,NULL,NULL,3,NULL,NULL,NULL,NULL,NULL
022-HYDCHENNAI,Annavasal,Surface Water,Puducherry,Karaikal,Karaikal,Cauvery Basin,Cauvery Lower,CWC,01-11-2012 00:00,NULL,NULL,NULL,NULL,NULL,0,77.5492,NULL,NULL,NULL,NULL,2.07,14.13,NULL,NULL,NULL,31.83,NULL,0,NULL,NULL,NULL,NULL,NULL,NULL,NULL,NULL,NULL,NULL,NULL,NULL,298,NULL,0.429,NULL,NULL,NULL,63.1167,94.61,NULL,3.8,6.67,NULL,25.6,45.1786,NULL,NULL,NULL,NULL,0.284,NULL,NULL,NULL,NULL,NULL,NULL,NULL,NULL,NULL,7,7.4,NULL,NULL,0.296762,1.40627,NULL,35.325,NULL,NULL,9.3,NULL,NULL,NULL,159,23.5,NULL,NULL,NULL,NULL,NULL,NULL,NULL,NULL,NULL,NULL,NULL,NULL
022-HYDCHENNAI,Annavasal,Surface Water,Puducherry,Karaikal,Karaikal,Cauvery Basin,Cauvery Lower,CWC,27-09-2012 00:00,NULL,NULL,NULL,NULL,NULL,0,130.615,NULL,NULL,NULL,NULL,0.53,29.83,NULL,NULL,NULL,63.91,NULL,0,NULL,NULL,NULL,NULL,NULL,NULL,NULL,NULL,NULL,NULL,NULL,NULL,439,NULL,0.83,NULL,NULL,NULL,142.033,159.35,NULL,3.8,16.19,NULL,36.1,34.9852,NULL,NULL,NULL,NULL,0.11,NULL,NULL,NULL,NULL,NULL,NULL,NULL,NULL,NULL,7,7.27,NULL,NULL,0,1.32219,NULL,74.575,NULL,NULL,18.55,NULL,NULL,NULL,234,28.5,NULL,NULL,NULL,NULL,NULL,NULL,NULL,NULL,NULL,NULL,NULL,NULL
022-HYDCHENNAI,Annavasal,Surface Water,Puducherry,Karaikal,Karaikal,Cauvery Basin,Cauvery Lower,CWC,01-02-2012 00:00,NULL,NULL,NULL,NULL,NULL,0,115.197,0.99,NULL,NULL,NULL,2.09,24.05,NULL,NULL,NULL,72.16,NULL,0,NULL,NULL,NULL,1.09,9.38,NULL,NULL,NULL,NULL,NULL,NULL,NULL,481,NULL,0.34,NULL,0.04,NULL,129,140.54,NULL,11.6,16.53,NULL,43.8,40.0056,NULL,6.14,NULL,NULL,0.845,NULL,NULL,NULL,NULL,NULL,0.87,NULL,NULL,NULL,8,8.03,NULL,NULL,0,1.68383,NULL,60.125,NULL,NULL,17.74,NULL,NULL,NULL,NULL,25.5,NULL,NULL,NULL,NULL,NULL,NULL,6.1,NULL,NULL,NULL,NULL,NULL
022-HYDCHENNAI,Annavasal,Surface Water,Puducherry,Karaikal,Karaikal,Cauvery Basin,Cauvery Lower,CWC,01-12-2014 00:00,NULL,NULL,NULL,NULL,NULL,0,110,NULL,NULL,NULL,NULL,1.64,25.31,NULL,NULL,NULL,66.73,NULL,0,NULL,NULL,NULL,NULL,NULL,NULL,NULL,NULL,NULL,NULL,NULL,NULL,415,NULL,0.247,NULL,NULL,NULL,114.483,134.2,NULL,5,12.29,NULL,49.4,47.2147,NULL,NULL,NULL,NULL,1.77,NULL,NULL,NULL,NULL,NULL,NULL,NULL,NULL,NULL,7,7.45,NULL,NULL,0,2.01499,NULL,63.275,NULL,NULL,16.88,NULL,NULL,NULL,231,22,NULL,NULL,NULL,NULL,NULL,NULL,NULL,NULL,NULL,NULL,NULL,NULL
022-HYDCHENNAI,Annavasal,Surface Water,Puducherry,Karaikal,Karaikal,Cauvery Basin,Cauvery Lower,CWC,01-11-2014 00:00,NULL,NULL,NULL,NULL,NULL,0,115,NULL,NULL,NULL,NULL,1.64,21.94,NULL,0.248,NULL,69.51,NULL,0,NULL,NULL,NULL,8.18,3.53,NULL,NULL,NULL,NULL,NULL,NULL,NULL,470,NULL,0.267,NULL,0.005,NULL,118.85,140.3,NULL,5.5,15.36,NULL,53.1,48.0266,NULL,0.15,NULL,NULL,1.23,NULL,NULL,NULL,NULL,NULL,0.36,NULL,NULL,NULL,7,7.98,NULL,NULL,0,2.12678,NULL,54.85,NULL,NULL,20.05,NULL,NULL,NULL,250,27,NULL,NULL,NULL,NULL,NULL,NULL,4,NULL,NULL,NULL,NULL,NULL
022-HYDCHENNAI,Annavasal,Surface Water,Puducherry,Karaikal,Karaikal,Cauvery Basin,Cauvery Lower,CWC,01-10-2014 00:00,NULL,NULL,NULL,NULL,NULL,0,90,NULL,NULL,NULL,NULL,1.34,20.25,NULL,NULL,NULL,34.03,NULL,0,NULL,NULL,NULL,NULL,NULL,NULL,NULL,NULL,NULL,NULL,NULL,NULL,260,NULL,0.191,NULL,NULL,NULL,93.2917,109.8,NULL,2.5,10.24,NULL,21.6,32.8893,NULL,NULL,NULL,NULL,0.77,NULL,NULL,NULL,NULL,NULL,NULL,NULL,NULL,NULL,7,8.08,NULL,NULL,0,0.97605,NULL,50.625,NULL,NULL,11.09,NULL,NULL,NULL,138,30,NULL,NULL,NULL,NULL,NULL,NULL,NULL,NULL,NULL,NULL,NULL,NULL
022-HYDCHENNAI,Annavasal,Surface Water,Puducherry,Karaikal,Karaikal,Cauvery Basin,Cauvery Lower,CWC,01-09-2014 00:00,NULL,NULL,NULL,NULL,NULL,0,75,NULL,NULL,NULL,NULL,2.04,16.03,NULL,NULL,NULL,28.36,NULL,0,NULL,NULL,NULL,NULL,NULL,NULL,NULL,NULL,NULL,NULL,NULL,NULL,216,NULL,0.35,NULL,NULL,NULL,80.6167,91.5,NULL,4,9.73,NULL,19.6,33.3615,NULL,NULL,NULL,NULL,0.53,NULL,NULL,NULL,NULL,NULL,NULL,NULL,NULL,NULL,7,7.3,NULL,NULL,0,0.952992,NULL,40.075,NULL,NULL,10.39,NULL,NULL,NULL,125,27.5,NULL,NULL,NULL,NULL,NULL,NULL,NULL,NULL,NULL,NULL,NULL,NULL
022-HYDCHENNAI,Annavasal,Surface Water,Puducherry,Karaikal,Karaikal,Cauvery Basin,Cauvery Lower,CWC,22-08-2014 00:00,NULL,NULL,NULL,NULL,NULL,0,100,NULL,NULL,NULL,NULL,NULL,26.72,NULL,NULL,NULL,45.38,NULL,0,NULL,NULL,NULL,NULL,NULL,NULL,NULL,NULL,NULL,NULL,NULL,NULL,291,NULL,0.391,NULL,NULL,NULL,111.842,122,NULL,6.7,10.81,NULL,26.3,32.3311,NULL,NULL,NULL,NULL,1.57,NULL,NULL,NULL,NULL,NULL,NULL,NULL,NULL,NULL,7,7.22,NULL,NULL,0,1.08509,NULL,66.8,NULL,NULL,19.28,NULL,NULL,NULL,156,30.5,NULL,NULL,NULL,NULL,NULL,NULL,NULL,NULL,NULL,NULL,NULL,NULL
022-HYDCHENNAI,Annavasal,Surface Water,Puducherry,Karaikal,Karaikal,Cauvery Basin,Cauvery Lower,CWC,01-10-2019 00:00,NULL,NULL,NULL,NULL,NULL,0,76,NULL,0.14,NULL,NULL,1.4,18,NULL,NULL,NULL,28.6,NULL,0,NULL,NULL,NULL,NULL,NULL,NULL,NULL,NULL,NULL,NULL,NULL,NULL,240,NULL,0.21,NULL,0.1,46,73,93,NULL,2.9,6.5,NULL,20.8,37,NULL,NULL,NULL,0.04,0.03,NULL,0.03,NULL,NULL,NULL,NULL,NULL,NULL,NULL,NULL,7.9,NULL,NULL,0.1,1.1,NULL,NULL,0.3,NULL,13.7,NULL,NULL,NULL,144,25.5,NULL,NULL,NULL,NULL,NULL,NULL,NULL,0.01,NULL,NULL,NULL,NULL
022-HYDCHENNAI,Annavasal,Surface Water,Puducherry,Karaikal,Karaikal,Cauvery Basin,Cauvery Lower,CWC,16-09-2019 00:00,NULL,NULL,NULL,NULL,NULL,0,63,NULL,0.21,NULL,NULL,1.4,16,NULL,NULL,NULL,22.6,NULL,0,NULL,NULL,NULL,NULL,NULL,NULL,NULL,NULL,NULL,NULL,NULL,NULL,209,NULL,0.16,NULL,0,39,74,77,NULL,2.6,8.5,NULL,13,27,NULL,NULL,NULL,0.09,0.08,NULL,0.04,NULL,NULL,NULL,NULL,NULL,NULL,NULL,NULL,7.6,NULL,NULL,0,0.7,NULL,NULL,3.7,NULL,13.1,NULL,NULL,NULL,125,26,NULL,NULL,NULL,NULL,NULL,NULL,NULL,0.01,NULL,NULL,NULL,NULL
022-HYDCHENNAI,Annavasal,Surface Water,Puducherry,Karaikal,Karaikal,Cauvery Basin,Cauvery Lower,CWC,18-01-2016 00:00,NULL,NULL,NULL,NULL,NULL,14.0602,108.233,NULL,NULL,NULL,NULL,2.01,22.71,NULL,NULL,NULL,50.83,NULL,16.94,NULL,NULL,NULL,NULL,NULL,NULL,NULL,NULL,NULL,NULL,NULL,NULL,384,NULL,0.376,NULL,NULL,NULL,110.817,97.6,NULL,3.7,12.97,NULL,39.1,42.5614,0.04,NULL,NULL,0.287,0.287,NULL,0,NULL,NULL,NULL,NULL,NULL,NULL,NULL,7,8.34,NULL,NULL,0,1.62138,NULL,56.775,NULL,NULL,15.98,NULL,NULL,NULL,206,26,NULL,NULL,NULL,NULL,NULL,NULL,NULL,0,NULL,NULL,NULL,NULL
022-HYDCHENNAI,Annavasal,Surface Water,Puducherry,Karaikal,Karaikal,Cauvery Basin,Cauvery Lower,CWC,08-12-2015 00:00,NULL,NULL,NULL,NULL,NULL,0,78.1639,NULL,NULL,NULL,NULL,1.28,16.03,NULL,NULL,NULL,30.29,NULL,0,NULL,NULL,NULL,NULL,NULL,NULL,NULL,NULL,NULL,NULL,NULL,NULL,241,NULL,0.252,NULL,NULL,NULL,77.2417,95.36,NULL,4.4,8.92,NULL,21.5,36.2238,0.04,NULL,NULL,0.179,0.178,NULL,0.009,NULL,NULL,NULL,NULL,NULL,NULL,NULL,7,8.12,NULL,NULL,0.0290883,1.06784,NULL,40.075,NULL,NULL,3.35,NULL,NULL,NULL,128,25,NULL,NULL,NULL,NULL,NULL,NULL,NULL,0.001,NULL,NULL,NULL,NULL
022-HYDCHENNAI,Annavasal,Surface Water,Puducherry,Karaikal,Karaikal,Cauvery Basin,Cauvery Lower,CWC,06-10-2015 00:00,NULL,NULL,NULL,NULL,NULL,0,131.762,NULL,NULL,NULL,NULL,2.01,16.03,NULL,NULL,NULL,57.82,NULL,0,NULL,NULL,NULL,NULL,NULL,NULL,NULL,NULL,NULL,NULL,NULL,NULL,426,NULL,0.406,NULL,NULL,NULL,138.033,160.75,NULL,3.7,23.51,NULL,36,35.6285,0.05,NULL,NULL,0.355,0.354,NULL,0.019,NULL,NULL,NULL,NULL,NULL,NULL,NULL,7,8,NULL,NULL,0,1.33918,NULL,40.075,NULL,NULL,20.05,NULL,NULL,NULL,227,29,NULL,NULL,NULL,NULL,NULL,NULL,NULL,0.001,NULL,NULL,NULL,NULL
022-HYDCHENNAI,Annavasal,Surface Water,Puducherry,Karaikal,Karaikal,Cauvery Basin,Cauvery Lower,CWC,01-09-2005 00:00,NULL,NULL,NULL,NULL,NULL,0,45,NULL,NULL,NULL,NULL,NULL,18.4,NULL,NULL,NULL,31.95,NULL,0,NULL,NULL,NULL,NULL,NULL,NULL,NULL,NULL,NULL,NULL,NULL,NULL,280,NULL,NULL,NULL,NULL,NULL,86.5,54.9,NULL,NULL,9.72,NULL,23.46,NULL,NULL,NULL,NULL,NULL,NULL,NULL,NULL,NULL,NULL,NULL,NULL,NULL,NULL,NULL,NULL,7.43,NULL,NULL,0,1.10099,NULL,46,NULL,NULL,1.392,NULL,NULL,NULL,NULL,31,NULL,NULL,NULL,NULL,NULL,NULL,NULL,NULL,NULL,NULL,NULL,NULL
022-HYDCHENNAI,Annavasal,Surface Water,Puducherry,Karaikal,Karaikal,Cauvery Basin,Cauvery Lower,CWC,01-10-2005 00:00,NULL,NULL,NULL,NULL,NULL,0,123,NULL,NULL,NULL,NULL,NULL,36,NULL,NULL,NULL,28.755,NULL,0,NULL,NULL,NULL,NULL,NULL,NULL,NULL,NULL,NULL,NULL,NULL,NULL,311,NULL,0.228,NULL,NULL,NULL,92.025,150.06,NULL,NULL,0.486,NULL,20.93,NULL,NULL,NULL,NULL,NULL,NULL,NULL,0,NULL,NULL,NULL,NULL,NULL,NULL,NULL,NULL,7.72,NULL,NULL,0.623099,0.950045,NULL,90,NULL,NULL,7.776,NULL,NULL,NULL,NULL,30,NULL,NULL,NULL,NULL,NULL,NULL,NULL,NULL,NULL,NULL,NULL,NULL
022-HYDCHENNAI,Annavasal,Surface Water,Puducherry,Karaikal,Karaikal,Cauvery Basin,Cauvery Lower,CWC,02-11-2005 00:00,NULL,NULL,NULL,NULL,NULL,0,148,NULL,NULL,NULL,NULL,NULL,25.6,NULL,NULL,NULL,87.685,NULL,0,NULL,NULL,NULL,NULL,NULL,NULL,NULL,NULL,NULL,NULL,NULL,NULL,534,NULL,NULL,NULL,NULL,NULL,170.819,180.56,NULL,NULL,25.6365,NULL,41.86,NULL,NULL,NULL,NULL,NULL,NULL,NULL,NULL,NULL,NULL,NULL,NULL,NULL,NULL,NULL,NULL,7.46,NULL,NULL,0,1.39914,NULL,64,NULL,NULL,NULL,NULL,NULL,NULL,NULL,29.5,NULL,NULL,NULL,NULL,NULL,NULL,NULL,NULL,NULL,NULL,NULL,NULL
022-HYDCHENNAI,Annavasal,Surface Water,Puducherry,Karaikal,Karaikal,Cauvery Basin,Cauvery Lower,CWC,01-12-2005 00:00,NULL,NULL,NULL,NULL,NULL,0,139.5,NULL,NULL,NULL,NULL,NULL,27.2,NULL,NULL,NULL,37.985,NULL,0,NULL,NULL,NULL,NULL,NULL,NULL,NULL,NULL,NULL,NULL,NULL,NULL,413,NULL,NULL,NULL,NULL,NULL,128.75,170.19,NULL,NULL,14.58,NULL,40.48,NULL,NULL,NULL,NULL,NULL,NULL,NULL,NULL,NULL,NULL,NULL,NULL,NULL,NULL,NULL,NULL,7.4,NULL,NULL,0.23246,1.55718,NULL,68,NULL,NULL,NULL,NULL,NULL,NULL,NULL,28.5,NULL,NULL,NULL,NULL,NULL,NULL,NULL,NULL,NULL,NULL,NULL,NULL
022-HYDCHENNAI,Annavasal,Surface Water,Puducherry,Karaikal,Karaikal,Cauvery Basin,Cauvery Lower,CWC,02-01-2006 00:00,NULL,NULL,NULL,NULL,NULL,0,166.5,NULL,NULL,NULL,NULL,NULL,30.4,NULL,NULL,NULL,66.74,NULL,0,NULL,NULL,NULL,NULL,NULL,NULL,NULL,NULL,NULL,NULL,NULL,NULL,646,NULL,NULL,NULL,NULL,NULL,169.15,203.13,NULL,NULL,22.356,NULL,51.06,NULL,NULL,NULL,NULL,NULL,NULL,NULL,NULL,NULL,NULL,NULL,NULL,NULL,NULL,NULL,NULL,7.63,NULL,NULL,0,1.71436,NULL,76,NULL,NULL,NULL,NULL,NULL,NULL,NULL,28,NULL,NULL,NULL,NULL,NULL,NULL,NULL,NULL,NULL,NULL,NULL,NULL
022-HYDCHENNAI,Annavasal,Surface Water,Puducherry,Karaikal,Karaikal,Cauvery Basin,Cauvery Lower,CWC,01-02-2006 00:00,NULL,NULL,NULL,NULL,NULL,0,212.5,NULL,NULL,NULL,NULL,NULL,32.8,NULL,NULL,NULL,72.42,NULL,0,NULL,NULL,NULL,NULL,NULL,NULL,NULL,NULL,NULL,NULL,NULL,NULL,704,NULL,NULL,NULL,NULL,NULL,193.375,259.25,NULL,NULL,26.73,NULL,69.46,NULL,NULL,NULL,NULL,NULL,NULL,NULL,NULL,NULL,NULL,NULL,NULL,NULL,NULL,NULL,NULL,7.74,NULL,NULL,0.413005,2.18148,NULL,82,NULL,NULL,27.456,NULL,NULL,NULL,NULL,26,NULL,NULL,NULL,NULL,NULL,NULL,NULL,NULL,NULL,NULL,NULL,NULL
022-HYDCHENNAI,Annavasal,Surface Water,Puducherry,Karaikal,Karaikal,Cauvery Basin,Cauvery Lower,CWC,01-07-2006 00:00,NULL,NULL,NULL,NULL,NULL,0,191.6,NULL,NULL,NULL,NULL,NULL,26.4,NULL,NULL,NULL,46.718,NULL,0,NULL,NULL,NULL,NULL,NULL,NULL,NULL,NULL,NULL,NULL,NULL,NULL,1080,NULL,NULL,NULL,NULL,NULL,149.025,233.752,NULL,NULL,19.926,NULL,51.612,NULL,NULL,NULL,NULL,NULL,NULL,NULL,NULL,NULL,NULL,NULL,NULL,NULL,NULL,NULL,NULL,7.49,NULL,NULL,0.874338,1.84626,NULL,66,NULL,NULL,17.52,NULL,NULL,NULL,NULL,28.5,NULL,NULL,NULL,NULL,NULL,NULL,NULL,NULL,NULL,NULL,NULL,NULL
022-HYDCHENNAI,Annavasal,Surface Water,Puducherry,Karaikal,Karaikal,Cauvery Basin,Cauvery Lower,CWC,01-08-2006 00:00,NULL,NULL,NULL,NULL,NULL,0,154.15,NULL,NULL,NULL,NULL,NULL,32,NULL,NULL,NULL,36.2455,NULL,0,NULL,NULL,NULL,NULL,NULL,NULL,NULL,NULL,NULL,NULL,NULL,NULL,327,NULL,NULL,NULL,NULL,NULL,138.725,188.063,NULL,NULL,14.094,NULL,50.623,NULL,NULL,NULL,NULL,NULL,NULL,NULL,NULL,NULL,NULL,NULL,NULL,NULL,NULL,NULL,NULL,7.09,NULL,NULL,0.325869,1.87556,NULL,80,NULL,NULL,13.776,NULL,NULL,NULL,NULL,28,NULL,NULL,NULL,NULL,NULL,NULL,NULL,NULL,NULL,NULL,NULL,NULL
022-HYDCHENNAI,Annavasal,Surface Water,Puducherry,Karaikal,Karaikal,Cauvery Basin,Cauvery Lower,CWC,01-09-2006 00:00,NULL,NULL,NULL,NULL,NULL,0,100,NULL,NULL,NULL,NULL,NULL,19.2,NULL,NULL,NULL,26.696,NULL,0,NULL,NULL,NULL,NULL,NULL,NULL,NULL,NULL,NULL,NULL,NULL,NULL,216,NULL,NULL,NULL,NULL,NULL,149.25,122,NULL,NULL,24.3,NULL,50.83,NULL,NULL,NULL,NULL,NULL,NULL,NULL,NULL,NULL,NULL,NULL,NULL,NULL,NULL,NULL,NULL,7.38,NULL,NULL,0,1.8181,NULL,48,NULL,NULL,8.784,NULL,NULL,NULL,NULL,29.5,NULL,NULL,NULL,NULL,NULL,NULL,NULL,NULL,NULL,NULL,NULL,NULL
022-HYDCHENNAI,Annavasal,Surface Water,Puducherry,Karaikal,Karaikal,Cauvery Basin,Cauvery Lower,CWC,03-10-2006 00:00,NULL,NULL,NULL,NULL,NULL,0,95.8,NULL,NULL,NULL,NULL,NULL,14.4,NULL,NULL,NULL,27.69,NULL,0,NULL,NULL,NULL,NULL,NULL,NULL,NULL,NULL,NULL,NULL,NULL,NULL,270,NULL,NULL,NULL,NULL,NULL,84.6,116.876,NULL,NULL,11.664,NULL,52.831,NULL,NULL,NULL,NULL,NULL,NULL,NULL,NULL,NULL,NULL,NULL,NULL,NULL,NULL,NULL,NULL,7.63,NULL,NULL,0.237312,2.50851,NULL,36,NULL,NULL,8.832,NULL,NULL,NULL,NULL,28.5,NULL,NULL,NULL,NULL,NULL,NULL,NULL,NULL,NULL,NULL,NULL,NULL
022-HYDCHENNAI,Annavasal,Surface Water,Puducherry,Karaikal,Karaikal,Cauvery Basin,Cauvery Lower,CWC,01-11-2006 00:00,NULL,NULL,NULL,NULL,NULL,0,129.15,NULL,NULL,NULL,NULL,NULL,21.6,NULL,NULL,NULL,38.127,NULL,0,NULL,NULL,NULL,NULL,NULL,NULL,NULL,NULL,NULL,NULL,NULL,NULL,366,NULL,NULL,NULL,NULL,NULL,108.675,157.563,NULL,NULL,13.122,NULL,58.834,NULL,NULL,NULL,NULL,NULL,NULL,NULL,NULL,NULL,NULL,NULL,NULL,NULL,NULL,NULL,NULL,7.21,NULL,NULL,0.424932,2.46382,NULL,54,NULL,NULL,10.512,NULL,NULL,NULL,NULL,28,NULL,NULL,NULL,NULL,NULL,NULL,NULL,NULL,NULL,NULL,NULL,NULL
022-HYDCHENNAI,Annavasal,Surface Water,Puducherry,Karaikal,Karaikal,Cauvery Basin,Cauvery Lower,CWC,01-12-2006 00:00,NULL,NULL,NULL,NULL,NULL,0,185.5,NULL,NULL,NULL,NULL,NULL,36,NULL,NULL,NULL,80.088,NULL,0,NULL,NULL,NULL,NULL,NULL,NULL,NULL,NULL,NULL,NULL,NULL,NULL,572,NULL,NULL,NULL,NULL,NULL,181.125,226.31,NULL,NULL,21.87,NULL,66.838,NULL,NULL,NULL,NULL,NULL,NULL,NULL,NULL,NULL,NULL,NULL,NULL,NULL,NULL,NULL,NULL,7.49,NULL,NULL,0.113297,2.16811,NULL,90,NULL,NULL,33.12,NULL,NULL,NULL,NULL,24,NULL,NULL,NULL,NULL,NULL,NULL,NULL,NULL,NULL,NULL,NULL,NULL
022-HYDCHENNAI,Annavasal,Surface Water,Puducherry,Karaikal,Karaikal,Cauvery Basin,Cauvery Lower,CWC,02-01-2007 00:00,NULL,NULL,NULL,NULL,NULL,0,175,NULL,NULL,NULL,NULL,NULL,30.4,NULL,NULL,NULL,47.57,NULL,0,NULL,NULL,NULL,NULL,NULL,NULL,NULL,NULL,NULL,NULL,NULL,NULL,409,NULL,NULL,NULL,NULL,NULL,157,213.5,NULL,NULL,19.44,NULL,52.831,NULL,NULL,NULL,NULL,NULL,NULL,NULL,NULL,NULL,NULL,NULL,NULL,NULL,NULL,NULL,NULL,7.71,NULL,NULL,0.382753,1.84084,NULL,76,NULL,NULL,17.28,NULL,NULL,NULL,NULL,25.5,NULL,NULL,NULL,NULL,NULL,NULL,NULL,NULL,NULL,NULL,NULL,NULL
022-HYDCHENNAI,Annavasal,Surface Water,Puducherry,Karaikal,Karaikal,Cauvery Basin,Cauvery Lower,CWC,01-02-2007 00:00,NULL,NULL,NULL,NULL,NULL,0,175,NULL,NULL,NULL,NULL,NULL,30.4,NULL,NULL,NULL,51.475,NULL,0,NULL,NULL,NULL,NULL,NULL,NULL,NULL,NULL,NULL,NULL,NULL,NULL,425,NULL,NULL,NULL,NULL,NULL,134.725,213.5,NULL,NULL,14.094,NULL,67.827,NULL,NULL,NULL,NULL,NULL,NULL,NULL,NULL,NULL,NULL,NULL,NULL,NULL,NULL,NULL,NULL,7.32,NULL,NULL,0.822662,2.55016,NULL,76,NULL,NULL,17.328,NULL,NULL,NULL,NULL,27.5,NULL,NULL,NULL,NULL,NULL,NULL,NULL,NULL,NULL,NULL,NULL,NULL
022-HYDCHENNAI,Annavasal,Surface Water,Puducherry,Karaikal,Karaikal,Cauvery Basin,Cauvery Lower,CWC,24-06-2006 00:00,NULL,NULL,NULL,NULL,NULL,0,195.8,NULL,NULL,NULL,NULL,NULL,32,NULL,NULL,NULL,51.475,NULL,0,NULL,NULL,NULL,NULL,NULL,NULL,NULL,NULL,NULL,NULL,NULL,NULL,1080,NULL,NULL,NULL,NULL,NULL,148.85,238.876,NULL,NULL,16.524,NULL,56.925,NULL,NULL,NULL,NULL,NULL,NULL,NULL,NULL,NULL,NULL,NULL,NULL,NULL,NULL,NULL,NULL,6.94,NULL,NULL,0.958801,2.03648,NULL,80,NULL,NULL,32.112,NULL,NULL,NULL,NULL,NULL,NULL,NULL,NULL,NULL,NULL,NULL,NULL,NULL,NULL,NULL,NULL,NULL
022-HYDCHENNAI,Annavasal,Surface Water,Puducherry,Karaikal,Karaikal,Cauvery Basin,Cauvery Lower,CWC,01-08-2007 00:00,NULL,NULL,NULL,NULL,NULL,0,100,NULL,NULL,NULL,NULL,NULL,32,NULL,NULL,NULL,24.779,NULL,0,NULL,NULL,NULL,NULL,NULL,NULL,NULL,NULL,NULL,NULL,NULL,NULL,259,NULL,NULL,NULL,NULL,NULL,132.65,122,NULL,NULL,12.636,NULL,21.804,NULL,NULL,NULL,NULL,NULL,NULL,NULL,NULL,NULL,NULL,NULL,NULL,NULL,NULL,NULL,NULL,7.35,NULL,NULL,0,0.826003,NULL,80,NULL,NULL,7.44,NULL,NULL,NULL,NULL,23.5,NULL,NULL,NULL,NULL,NULL,NULL,NULL,NULL,NULL,NULL,NULL,NULL
022-HYDCHENNAI,Annavasal,Surface Water,Puducherry,Karaikal,Karaikal,Cauvery Basin,Cauvery Lower,CWC,01-09-2007 00:00,NULL,NULL,NULL,NULL,NULL,0,91.65,NULL,NULL,NULL,NULL,NULL,25.6,NULL,NULL,NULL,26.696,NULL,0,NULL,NULL,NULL,NULL,NULL,NULL,NULL,NULL,NULL,NULL,NULL,NULL,236,NULL,NULL,NULL,NULL,NULL,108.55,111.813,NULL,NULL,10.692,NULL,20.102,NULL,NULL,NULL,NULL,NULL,NULL,NULL,NULL,NULL,NULL,NULL,NULL,NULL,NULL,NULL,NULL,7.59,NULL,NULL,0,0.841888,NULL,64,NULL,NULL,11.616,NULL,NULL,NULL,NULL,25,NULL,NULL,NULL,NULL,NULL,NULL,NULL,NULL,NULL,NULL,NULL,NULL
022-HYDCHENNAI,Annavasal,Surface Water,Puducherry,Karaikal,Karaikal,Cauvery Basin,Cauvery Lower,CWC,03-10-2007 00:00,NULL,NULL,NULL,NULL,NULL,0,91.65,NULL,NULL,NULL,NULL,NULL,19.2,NULL,NULL,NULL,20.9805,NULL,0,NULL,NULL,NULL,NULL,NULL,NULL,NULL,NULL,NULL,NULL,NULL,NULL,251,NULL,NULL,NULL,NULL,NULL,96.6,111.813,NULL,NULL,11.664,NULL,19.205,NULL,NULL,NULL,NULL,NULL,NULL,NULL,NULL,NULL,NULL,NULL,NULL,NULL,NULL,NULL,NULL,7.53,NULL,NULL,0,0.853045,NULL,48,NULL,NULL,8.688,NULL,NULL,NULL,NULL,26,NULL,NULL,NULL,NULL,NULL,NULL,NULL,NULL,NULL,NULL,NULL,NULL
022-HYDCHENNAI,Annavasal,Surface Water,Puducherry,Karaikal,Karaikal,Cauvery Basin,Cauvery Lower,CWC,01-11-2007 00:00,NULL,NULL,NULL,NULL,NULL,0,104.15,NULL,NULL,NULL,NULL,NULL,28.8,NULL,NULL,NULL,36.2455,NULL,0,NULL,NULL,NULL,NULL,NULL,NULL,NULL,NULL,NULL,NULL,NULL,NULL,369,NULL,NULL,NULL,NULL,NULL,124.65,127.063,NULL,NULL,12.636,NULL,39.813,NULL,NULL,NULL,NULL,NULL,NULL,NULL,NULL,NULL,NULL,NULL,NULL,NULL,NULL,NULL,NULL,7.29,NULL,NULL,0,1.5561,NULL,72,NULL,NULL,10.464,NULL,NULL,NULL,NULL,23,NULL,NULL,NULL,NULL,NULL,NULL,NULL,NULL,NULL,NULL,NULL,NULL
022-HYDCHENNAI,Annavasal,Surface Water,Puducherry,Karaikal,Karaikal,Cauvery Basin,Cauvery Lower,CWC,01-12-2007 00:00,NULL,NULL,NULL,NULL,NULL,0,158.35,NULL,NULL,NULL,NULL,NULL,31.2,NULL,NULL,NULL,38.127,NULL,0,NULL,NULL,NULL,NULL,NULL,NULL,NULL,NULL,NULL,NULL,NULL,NULL,388,NULL,NULL,NULL,NULL,NULL,150.9,193.187,NULL,NULL,17.496,NULL,28.704,NULL,NULL,NULL,NULL,NULL,NULL,NULL,NULL,NULL,NULL,NULL,NULL,NULL,NULL,NULL,NULL,7.45,NULL,NULL,0.169839,1.01999,NULL,78,NULL,NULL,12.576,NULL,NULL,NULL,NULL,22.5,NULL,NULL,NULL,NULL,NULL,NULL,NULL,NULL,NULL,NULL,NULL,NULL
022-HYDCHENNAI,Annavasal,Surface Water,Puducherry,Karaikal,Karaikal,Cauvery Basin,Cauvery Lower,CWC,01-01-2008 00:00,NULL,NULL,NULL,NULL,NULL,0,120.8,NULL,NULL,NULL,NULL,NULL,36.78,NULL,NULL,NULL,85.8035,NULL,0,NULL,NULL,NULL,NULL,NULL,NULL,NULL,NULL,NULL,NULL,NULL,NULL,648,NULL,NULL,NULL,NULL,NULL,138.525,147.376,NULL,NULL,11.178,NULL,NULL,NULL,NULL,NULL,NULL,NULL,NULL,NULL,NULL,NULL,NULL,NULL,NULL,NULL,NULL,NULL,NULL,7.85,NULL,NULL,0,NULL,NULL,91.95,NULL,NULL,25.68,NULL,NULL,NULL,NULL,24,NULL,NULL,NULL,NULL,NULL,NULL,NULL,NULL,NULL,NULL,NULL,NULL
022-HYDCHENNAI,Annavasal,Surface Water,Puducherry,Karaikal,Karaikal,Cauvery Basin,Cauvery Lower,CWC,01-02-2008 00:00,NULL,NULL,NULL,NULL,NULL,0,177.05,NULL,NULL,NULL,NULL,NULL,32,NULL,NULL,NULL,63.8645,NULL,0,NULL,NULL,NULL,NULL,NULL,NULL,NULL,NULL,NULL,NULL,NULL,NULL,527,NULL,NULL,NULL,NULL,NULL,169.1,216.001,NULL,NULL,21.384,NULL,NULL,NULL,NULL,NULL,NULL,NULL,NULL,NULL,NULL,NULL,NULL,NULL,NULL,NULL,NULL,NULL,NULL,8.17,NULL,NULL,0.183932,NULL,NULL,80,NULL,NULL,25.2,NULL,NULL,NULL,NULL,25.5,NULL,NULL,NULL,NULL,NULL,NULL,NULL,NULL,NULL,NULL,NULL,NULL
022-HYDCHENNAI,Annavasal,Surface Water,Puducherry,Karaikal,Karaikal,Cauvery Basin,Cauvery Lower,CWC,20-06-2008 00:00,NULL,NULL,NULL,NULL,NULL,0,158.3,NULL,NULL,NULL,NULL,NULL,30.4,NULL,NULL,NULL,51.475,NULL,0,NULL,NULL,NULL,NULL,NULL,NULL,NULL,NULL,NULL,NULL,NULL,NULL,467,NULL,NULL,NULL,NULL,NULL,150.925,193.126,NULL,NULL,17.982,NULL,NULL,NULL,NULL,NULL,NULL,NULL,NULL,NULL,NULL,NULL,NULL,NULL,NULL,NULL,NULL,NULL,7,7.48,NULL,NULL,0.168772,NULL,NULL,76,NULL,NULL,19.68,NULL,NULL,NULL,NULL,28,NULL,NULL,NULL,NULL,NULL,NULL,NULL,NULL,NULL,NULL,NULL,NULL
022-HYDCHENNAI,Annavasal,Surface Water,Puducherry,Karaikal,Karaikal,Cauvery Basin,Cauvery Lower,CWC,01-07-2008 00:00,NULL,NULL,NULL,NULL,NULL,0,168.7,NULL,NULL,NULL,NULL,NULL,24.8,NULL,NULL,NULL,45.7595,NULL,0,NULL,NULL,NULL,NULL,NULL,NULL,NULL,NULL,NULL,NULL,NULL,NULL,435,NULL,NULL,NULL,NULL,NULL,147.05,205.814,NULL,NULL,20.412,NULL,NULL,NULL,NULL,NULL,NULL,NULL,NULL,NULL,NULL,NULL,NULL,NULL,NULL,NULL,NULL,NULL,7,7.33,NULL,NULL,0.456255,NULL,NULL,62,NULL,NULL,10.224,NULL,NULL,NULL,NULL,25,NULL,NULL,NULL,NULL,NULL,NULL,NULL,NULL,NULL,NULL,NULL,NULL
022-HYDCHENNAI,Annavasal,Surface Water,Puducherry,Karaikal,Karaikal,Cauvery Basin,Cauvery Lower,CWC,01-09-2008 00:00,NULL,NULL,NULL,NULL,NULL,0,127.05,NULL,NULL,NULL,NULL,NULL,24.8,NULL,NULL,NULL,68.657,NULL,0,NULL,NULL,NULL,NULL,NULL,NULL,NULL,NULL,NULL,NULL,NULL,NULL,309,NULL,NULL,NULL,NULL,NULL,124.269,155.001,NULL,NULL,14.9445,NULL,NULL,NULL,NULL,NULL,NULL,NULL,NULL,NULL,NULL,NULL,NULL,NULL,NULL,NULL,NULL,NULL,7,7.98,NULL,NULL,0.0732715,NULL,NULL,62,NULL,NULL,NULL,NULL,NULL,NULL,NULL,29.5,NULL,NULL,NULL,NULL,NULL,NULL,NULL,NULL,NULL,NULL,NULL,NULL
022-HYDCHENNAI,Annavasal,Surface Water,Puducherry,Karaikal,Karaikal,Cauvery Basin,Cauvery Lower,CWC,03-10-2008 00:00,NULL,NULL,NULL,NULL,NULL,0,124.95,NULL,NULL,NULL,NULL,NULL,29.6,NULL,NULL,NULL,61.0245,NULL,0,NULL,NULL,NULL,NULL,NULL,NULL,NULL,NULL,NULL,NULL,NULL,NULL,358,NULL,NULL,NULL,NULL,NULL,148.925,152.439,NULL,NULL,17.982,NULL,NULL,NULL,NULL,NULL,NULL,NULL,NULL,NULL,NULL,NULL,NULL,NULL,NULL,NULL,NULL,NULL,7,7.55,NULL,NULL,0,NULL,NULL,74,NULL,NULL,NULL,NULL,NULL,NULL,NULL,29.5,NULL,NULL,NULL,NULL,NULL,NULL,NULL,NULL,NULL,NULL,NULL,NULL
022-HYDCHENNAI,Annavasal,Surface Water,Puducherry,Karaikal,Karaikal,Cauvery Basin,Cauvery Lower,CWC,01-12-2008 00:00,NULL,NULL,NULL,NULL,NULL,0,124.95,NULL,NULL,NULL,NULL,NULL,22.4,NULL,NULL,NULL,53.392,NULL,0,NULL,NULL,NULL,NULL,NULL,NULL,NULL,NULL,NULL,NULL,NULL,NULL,311,NULL,NULL,NULL,NULL,NULL,128.9,152.439,NULL,NULL,17.496,NULL,NULL,NULL,NULL,NULL,NULL,NULL,NULL,NULL,NULL,NULL,NULL,NULL,NULL,NULL,NULL,NULL,7,7.18,NULL,NULL,0,NULL,NULL,56,NULL,NULL,NULL,NULL,NULL,NULL,NULL,28.25,NULL,NULL,NULL,NULL,NULL,NULL,NULL,NULL,NULL,NULL,NULL,NULL
022-HYDCHENNAI,Annavasal,Surface Water,Puducherry,Karaikal,Karaikal,Cauvery Basin,Cauvery Lower,CWC,01-01-2009 00:00,NULL,NULL,NULL,NULL,NULL,0,216.6,NULL,NULL,NULL,NULL,NULL,36.8,NULL,NULL,NULL,95.353,NULL,0,NULL,NULL,NULL,NULL,NULL,NULL,NULL,NULL,NULL,NULL,NULL,NULL,651,NULL,NULL,NULL,NULL,NULL,181.1,264.252,NULL,NULL,21.384,NULL,NULL,NULL,NULL,NULL,NULL,NULL,NULL,NULL,NULL,NULL,NULL,NULL,NULL,NULL,NULL,NULL,7,7.47,NULL,NULL,0.735284,NULL,NULL,92,NULL,NULL,NULL,NULL,NULL,NULL,NULL,24.25,NULL,NULL,NULL,NULL,NULL,NULL,NULL,NULL,NULL,NULL,NULL,NULL
022-HYDCHENNAI,Annavasal,Surface Water,Puducherry,Karaikal,Karaikal,Cauvery Basin,Cauvery Lower,CWC,18-08-2009 00:00,NULL,NULL,NULL,NULL,NULL,0,139.9,NULL,NULL,NULL,NULL,NULL,26.12,NULL,NULL,NULL,41.9255,NULL,0,NULL,NULL,NULL,NULL,NULL,NULL,NULL,NULL,NULL,NULL,NULL,NULL,306,NULL,0.285,NULL,NULL,NULL,122,170.678,NULL,0.9775,13.608,NULL,32.315,36.4726,NULL,NULL,NULL,NULL,NULL,NULL,NULL,NULL,NULL,NULL,NULL,NULL,NULL,NULL,7,7.3,NULL,NULL,0.37434,1.27697,NULL,65.3,NULL,NULL,10.512,NULL,NULL,NULL,NULL,28.5,NULL,NULL,NULL,NULL,NULL,NULL,NULL,NULL,NULL,NULL,NULL,NULL
022-HYDCHENNAI,Annavasal,Surface Water,Puducherry,Karaikal,Karaikal,Cauvery Basin,Cauvery Lower,CWC,01-09-2009 00:00,NULL,NULL,NULL,NULL,NULL,0,161.1,NULL,NULL,NULL,NULL,NULL,22.84,NULL,NULL,NULL,36.21,NULL,0,NULL,NULL,NULL,NULL,NULL,NULL,NULL,NULL,NULL,NULL,NULL,NULL,342,NULL,0.2679,NULL,NULL,NULL,109.75,196.542,NULL,8.0155,12.636,NULL,38.525,41.2707,NULL,NULL,NULL,NULL,NULL,NULL,NULL,NULL,NULL,NULL,NULL,NULL,NULL,NULL,7,7.55,NULL,NULL,1.04196,1.60521,NULL,57.1,NULL,NULL,10.512,NULL,NULL,NULL,NULL,25,NULL,NULL,NULL,NULL,NULL,NULL,NULL,NULL,NULL,NULL,NULL,NULL
022-HYDCHENNAI,Annavasal,Surface Water,Puducherry,Karaikal,Karaikal,Cauvery Basin,Cauvery Lower,CWC,03-11-2009 00:00,NULL,NULL,NULL,NULL,NULL,0,182.3,NULL,NULL,NULL,NULL,1.136,26.12,NULL,NULL,NULL,76.2185,NULL,0,NULL,NULL,NULL,NULL,NULL,NULL,NULL,NULL,NULL,NULL,NULL,NULL,443,NULL,0.3078,NULL,NULL,NULL,122,222.406,NULL,5.7868,13.608,NULL,65.021,52.3794,NULL,NULL,NULL,NULL,NULL,NULL,NULL,NULL,NULL,NULL,NULL,NULL,NULL,NULL,7,7.5,NULL,NULL,1.22223,2.56939,NULL,65.3,NULL,NULL,10.56,NULL,NULL,NULL,NULL,27,NULL,NULL,NULL,NULL,NULL,NULL,NULL,NULL,NULL,NULL,NULL,NULL
022-HYDCHENNAI,Annavasal,Surface Water,Puducherry,Karaikal,Karaikal,Cauvery Basin,Cauvery Lower,CWC,01-12-2009 00:00,NULL,NULL,NULL,NULL,NULL,0,258.6,NULL,NULL,NULL,NULL,0.185,22.84,NULL,NULL,NULL,81.8275,NULL,0,NULL,NULL,NULL,NULL,NULL,NULL,NULL,NULL,NULL,NULL,NULL,NULL,573,NULL,0.3325,NULL,NULL,NULL,125.95,315.492,NULL,9.6186,16.524,NULL,108.537,63.229,NULL,NULL,NULL,NULL,NULL,NULL,NULL,NULL,NULL,NULL,NULL,NULL,NULL,NULL,7,8.11,NULL,NULL,2.67177,4.22305,NULL,57.1,NULL,NULL,23.76,NULL,NULL,NULL,NULL,24,NULL,NULL,NULL,NULL,NULL,NULL,NULL,NULL,NULL,NULL,NULL,NULL
022-HYDCHENNAI,Annavasal,Surface Water,Puducherry,Karaikal,Karaikal,Cauvery Basin,Cauvery Lower,CWC,01-01-2010 00:00,NULL,NULL,NULL,NULL,NULL,0,296.75,NULL,NULL,NULL,NULL,0.1,31,NULL,NULL,NULL,78.1355,NULL,0,NULL,NULL,NULL,NULL,NULL,NULL,NULL,NULL,NULL,NULL,NULL,NULL,677,NULL,0.3591,NULL,NULL,NULL,150.4,362.035,NULL,15.0144,17.496,NULL,110.538,58.7869,NULL,NULL,NULL,NULL,NULL,NULL,NULL,NULL,NULL,NULL,NULL,NULL,NULL,NULL,7,7.94,NULL,NULL,2.94746,3.93451,NULL,77.5,NULL,NULL,30.912,NULL,NULL,NULL,NULL,26,NULL,NULL,NULL,NULL,NULL,NULL,NULL,NULL,NULL,NULL,NULL,NULL
022-HYDCHENNAI,Annavasal,Surface Water,Puducherry,Karaikal,Karaikal,Cauvery Basin,Cauvery Lower,CWC,01-02-2010 00:00,NULL,NULL,NULL,NULL,NULL,0,301,NULL,NULL,NULL,NULL,0.371,31,NULL,NULL,NULL,76.254,NULL,0,NULL,NULL,NULL,NULL,NULL,NULL,NULL,NULL,NULL,NULL,NULL,NULL,562,NULL,0.4009,NULL,NULL,NULL,178.75,367.22,NULL,6.6079,24.3,NULL,97.037,53.1828,NULL,NULL,NULL,NULL,NULL,NULL,NULL,NULL,NULL,NULL,NULL,NULL,NULL,NULL,7,7.9,NULL,NULL,2.47256,3.16963,NULL,77.5,NULL,NULL,16.608,NULL,NULL,NULL,NULL,25.5,NULL,NULL,NULL,NULL,NULL,NULL,NULL,NULL,NULL,NULL,NULL,NULL
022-HYDCHENNAI,Annavasal,Surface Water,Puducherry,Karaikal,Karaikal,Cauvery Basin,Cauvery Lower,CWC,30-08-2010 00:00,NULL,NULL,NULL,NULL,NULL,0,175.59,NULL,NULL,NULL,NULL,1.546,29.43,NULL,NULL,NULL,58.63,NULL,0,NULL,NULL,NULL,NULL,NULL,NULL,NULL,NULL,NULL,NULL,NULL,NULL,504,NULL,0.198,NULL,NULL,NULL,170.783,214.22,NULL,6,23.33,NULL,43.5,34.8199,NULL,NULL,NULL,NULL,0.99,NULL,NULL,NULL,NULL,NULL,NULL,NULL,NULL,NULL,7,7.78,NULL,NULL,0.122864,1.45367,NULL,73.575,NULL,NULL,22.37,NULL,NULL,NULL,NULL,29.5,NULL,NULL,NULL,NULL,NULL,NULL,NULL,NULL,NULL,NULL,NULL,NULL
022-HYDCHENNAI,Annavasal,Surface Water,Puducherry,Karaikal,Karaikal,Cauvery Basin,Cauvery Lower,CWC,04-10-2010 00:00,NULL,NULL,NULL,NULL,NULL,0,182.91,NULL,NULL,NULL,NULL,1.019,26.16,NULL,NULL,NULL,55.19,NULL,0,NULL,NULL,NULL,NULL,NULL,NULL,NULL,NULL,NULL,NULL,NULL,NULL,457,NULL,0.37,NULL,NULL,NULL,146.4,223.15,NULL,5.7,19.44,NULL,48,40.6293,NULL,NULL,NULL,NULL,0.368,NULL,NULL,NULL,NULL,NULL,NULL,NULL,NULL,NULL,7,7.98,NULL,NULL,0.752527,1.73234,NULL,65.4,NULL,NULL,20.08,NULL,NULL,NULL,NULL,30.25,NULL,NULL,NULL,NULL,NULL,NULL,NULL,NULL,NULL,NULL,NULL,NULL
022-HYDCHENNAI,Annavasal,Surface Water,Puducherry,Karaikal,Karaikal,Cauvery Basin,Cauvery Lower,CWC,01-11-2010 00:00,NULL,NULL,NULL,NULL,NULL,0,180.418,NULL,NULL,NULL,NULL,1.063,21.26,NULL,NULL,NULL,48.06,NULL,0,NULL,NULL,NULL,NULL,NULL,NULL,NULL,NULL,NULL,NULL,NULL,NULL,398,NULL,0.371,NULL,NULL,NULL,150.358,220.11,NULL,4.8,23.33,NULL,37.1,34.2095,NULL,NULL,NULL,NULL,0.301,NULL,NULL,NULL,NULL,NULL,NULL,NULL,NULL,NULL,8,7.95,NULL,NULL,0.627134,1.32188,NULL,53.15,NULL,NULL,10.67,NULL,NULL,NULL,NULL,28,NULL,NULL,NULL,NULL,NULL,NULL,NULL,NULL,NULL,NULL,NULL,NULL
022-HYDCHENNAI,Annavasal,Surface Water,Puducherry,Karaikal,Karaikal,Cauvery Basin,Cauvery Lower,CWC,01-12-2010 00:00,NULL,NULL,NULL,NULL,NULL,0,158.648,NULL,NULL,NULL,NULL,1.329,27.8,NULL,NULL,NULL,47.77,NULL,0,NULL,NULL,NULL,NULL,NULL,NULL,NULL,NULL,NULL,NULL,NULL,NULL,420,NULL,0.242,NULL,NULL,NULL,134.333,193.55,NULL,6,15.56,NULL,36.9,36.2621,NULL,NULL,NULL,NULL,0.31,NULL,NULL,NULL,NULL,NULL,NULL,NULL,NULL,NULL,8,7.97,NULL,NULL,0.504776,1.38974,NULL,69.5,NULL,NULL,16.9,NULL,NULL,NULL,NULL,26,NULL,NULL,NULL,NULL,NULL,NULL,NULL,NULL,NULL,NULL,NULL,NULL
022-HYDCHENNAI,Annavasal,Surface Water,Puducherry,Karaikal,Karaikal,Cauvery Basin,Cauvery Lower,CWC,03-01-2011 00:00,NULL,NULL,NULL,NULL,NULL,0,253.992,NULL,NULL,NULL,NULL,0.575,39.53,NULL,NULL,NULL,95.72,NULL,0,NULL,NULL,NULL,NULL,NULL,NULL,NULL,NULL,NULL,NULL,NULL,NULL,770,NULL,0.492,NULL,NULL,NULL,216.533,309.87,NULL,8.1,28.25,NULL,76.6,42.5181,NULL,NULL,NULL,NULL,0.725,NULL,NULL,NULL,NULL,NULL,NULL,NULL,NULL,NULL,7,8.17,NULL,NULL,0.781794,2.27304,NULL,98.825,NULL,NULL,38.59,NULL,NULL,NULL,NULL,26.25,NULL,NULL,NULL,NULL,NULL,NULL,NULL,NULL,NULL,NULL,NULL,NULL
022-HYDCHENNAI,Annavasal,Surface Water,Puducherry,Karaikal,Karaikal,Cauvery Basin,Cauvery Lower,CWC,01-02-2011 00:00,NULL,NULL,NULL,NULL,NULL,0,186.197,NULL,NULL,NULL,NULL,2.396,24.53,NULL,NULL,NULL,79.55,NULL,0,NULL,NULL,NULL,NULL,NULL,NULL,NULL,NULL,NULL,NULL,NULL,NULL,581,NULL,0.463,NULL,NULL,NULL,154.492,227.16,NULL,5.7,22.36,NULL,60.6,45.0909,NULL,NULL,NULL,NULL,0.881,NULL,NULL,NULL,NULL,NULL,NULL,NULL,NULL,NULL,8,8.15,NULL,NULL,0.659321,2.12961,NULL,61.325,NULL,NULL,19.1,NULL,NULL,NULL,NULL,24.5,NULL,NULL,NULL,NULL,NULL,NULL,NULL,NULL,NULL,NULL,NULL,NULL
022-HYDCHENNAI,Annavasal,Surface Water,Puducherry,Karaikal,Karaikal,Cauvery Basin,Cauvery Lower,CWC,25-06-2011 00:00,NULL,NULL,NULL,NULL,NULL,35.856,188,NULL,NULL,NULL,NULL,2.412,35.27,NULL,NULL,NULL,66.16,NULL,43.2,NULL,NULL,NULL,NULL,NULL,NULL,NULL,NULL,NULL,NULL,NULL,NULL,595,NULL,0.503,NULL,NULL,NULL,209.717,141.52,NULL,8.6,29.17,NULL,46.1,31.4021,NULL,NULL,NULL,NULL,6.03,NULL,NULL,NULL,NULL,NULL,NULL,NULL,NULL,NULL,7,8.3,NULL,NULL,0,1.3903,NULL,88.175,NULL,NULL,22.28,NULL,NULL,NULL,NULL,25,NULL,NULL,NULL,NULL,NULL,NULL,NULL,NULL,NULL,NULL,NULL,NULL
022-HYDCHENNAI,Annavasal,Surface Water,Puducherry,Karaikal,Karaikal,Cauvery Basin,Cauvery Lower,CWC,01-10-2011 00:00,NULL,NULL,NULL,NULL,NULL,0,100,NULL,NULL,NULL,NULL,2.38,19.24,NULL,NULL,NULL,29.77,NULL,0,NULL,NULL,NULL,NULL,NULL,NULL,NULL,NULL,NULL,NULL,NULL,NULL,306,NULL,0.315,NULL,NULL,NULL,88.6,122,NULL,4.6,9.72,NULL,23.3,35.0549,NULL,NULL,NULL,NULL,0.26,NULL,NULL,NULL,NULL,NULL,NULL,NULL,NULL,NULL,8,8.01,NULL,NULL,0.239727,1.08038,NULL,48.1,NULL,NULL,10.83,NULL,NULL,NULL,NULL,29,NULL,NULL,NULL,NULL,NULL,NULL,NULL,NULL,NULL,NULL,NULL,NULL
022-HYDCHENNAI,Annavasal,Surface Water,Puducherry,Karaikal,Karaikal,Cauvery Basin,Cauvery Lower,CWC,01-11-2011 00:00,NULL,NULL,NULL,NULL,NULL,0,109.443,NULL,NULL,NULL,NULL,1.47,24.05,NULL,NULL,NULL,54.98,NULL,0,NULL,NULL,NULL,NULL,NULL,NULL,NULL,NULL,NULL,NULL,NULL,NULL,411,NULL,0.276,NULL,NULL,NULL,108.75,133.52,NULL,4,11.67,NULL,40.2,43.5905,NULL,NULL,NULL,NULL,0.16,NULL,NULL,NULL,NULL,NULL,NULL,NULL,NULL,NULL,7,8.13,NULL,NULL,0.0280497,1.68239,NULL,60.125,NULL,NULL,8.19,NULL,NULL,NULL,NULL,26.5,NULL,NULL,NULL,NULL,NULL,NULL,NULL,NULL,NULL,NULL,NULL,NULL
022-HYDCHENNAI,Annavasal,Surface Water,Puducherry,Karaikal,Karaikal,Cauvery Basin,Cauvery Lower,CWC,01-12-2011 00:00,NULL,NULL,NULL,NULL,NULL,11.4706,138.23,NULL,NULL,NULL,NULL,2.12,27.25,NULL,NULL,NULL,61.86,NULL,13.82,NULL,NULL,NULL,NULL,NULL,NULL,NULL,NULL,NULL,NULL,NULL,NULL,489,NULL,0.262,NULL,NULL,NULL,128.875,140.54,NULL,5.7,14.58,NULL,44.7,41.8156,NULL,NULL,NULL,NULL,0.374,NULL,NULL,NULL,NULL,NULL,NULL,NULL,NULL,NULL,8,8.3,NULL,NULL,0.20463,1.71868,NULL,68.125,NULL,NULL,0.49,NULL,NULL,NULL,NULL,27.5,NULL,NULL,NULL,NULL,NULL,NULL,NULL,NULL,NULL,NULL,NULL,NULL
022-HYDCHENNAI,Annavasal,Surface Water,Puducherry,Karaikal,Karaikal,Cauvery Basin,Cauvery Lower,CWC,01-11-2019 00:00,NULL,NULL,NULL,NULL,NULL,0,113,NULL,0.69,NULL,NULL,4.5,28,NULL,NULL,NULL,45.7,NULL,0,NULL,NULL,NULL,NULL,NULL,NULL,NULL,NULL,NULL,NULL,NULL,NULL,349,NULL,0.28,NULL,0.1,70,121,138,NULL,3.4,12.3,NULL,27.4,32,NULL,NULL,NULL,0.53,0.48,NULL,0.08,NULL,NULL,NULL,NULL,NULL,NULL,NULL,NULL,7.9,NULL,NULL,0,1.1,NULL,NULL,1.8,NULL,15.5,NULL,NULL,NULL,209,26,NULL,NULL,NULL,NULL,NULL,NULL,NULL,0.05,NULL,NULL,NULL,NULL
022-HYDCHENNAI,Annavasal,Surface Water,Puducherry,Karaikal,Karaikal,Cauvery Basin,Cauvery Lower,CWC,02-12-2019 00:00,NULL,NULL,NULL,NULL,NULL,0,106,1.7,0.09,NULL,NULL,2.2,26,NULL,0,NULL,43.8,NULL,0,NULL,NULL,NULL,10.6,0.1,NULL,NULL,NULL,NULL,NULL,NULL,NULL,344,NULL,0.25,NULL,0.1,65,115,129,NULL,3.6,12,NULL,30.9,36,NULL,1.6,NULL,0.55,0.48,NULL,0.07,NULL,NULL,NULL,0.9,NULL,NULL,NULL,NULL,7.8,NULL,NULL,0,1.3,NULL,NULL,0.5,NULL,21.8,NULL,NULL,NULL,207,27,NULL,NULL,NULL,NULL,NULL,NULL,0.3,0.07,NULL,NULL,NULL,NULL
022-HYDCHENNAI,Annavasal,Surface Water,Puducherry,Karaikal,Karaikal,Cauvery Basin,Cauvery Lower,CWC,21-01-2020 00:00,NULL,NULL,NULL,NULL,NULL,11.8,147,NULL,0.29,NULL,NULL,1.4,34,NULL,NULL,NULL,50.9,NULL,14.3,NULL,NULL,NULL,NULL,NULL,NULL,NULL,NULL,NULL,NULL,NULL,NULL,469,NULL,0.4,NULL,0,85,155,150,NULL,4.8,16.8,NULL,37.7,34,NULL,NULL,NULL,0.38,0.36,NULL,0.04,NULL,NULL,NULL,NULL,NULL,NULL,NULL,NULL,8.4,NULL,NULL,0,1.3,NULL,NULL,9.9,NULL,21.6,NULL,NULL,NULL,282,27.5,NULL,NULL,NULL,NULL,NULL,NULL,NULL,0.02,NULL,NULL,NULL,NULL
022-HYDCHENNAI,Annavasal,Surface Water,Puducherry,Karaikal,Karaikal,Cauvery Basin,Cauvery Lower,CWC,29-09-2018 00:00,NULL,NULL,NULL,NULL,NULL,0,36,NULL,NULL,NULL,NULL,2.1,16,NULL,NULL,NULL,25.2,NULL,0,NULL,NULL,NULL,NULL,NULL,NULL,NULL,NULL,NULL,NULL,NULL,NULL,156,NULL,0.1,NULL,NULL,40,48,44,NULL,2.5,1.9,NULL,15.4,40,0.09,NULL,NULL,0.84,0.83,NULL,0.01,NULL,NULL,NULL,NULL,NULL,NULL,NULL,7,7.5,NULL,NULL,0,1,NULL,NULL,NULL,NULL,7.7,NULL,NULL,NULL,88,28.3,NULL,NULL,NULL,NULL,NULL,NULL,NULL,0.01,NULL,NULL,NULL,NULL
022-HYDCHENNAI,Annavasal,Surface Water,Puducherry,Karaikal,Karaikal,Cauvery Basin,Cauvery Lower,CWC,05-10-2018 00:00,NULL,NULL,NULL,NULL,NULL,0,81,NULL,NULL,NULL,NULL,2,19,NULL,NULL,NULL,31.1,NULL,0,NULL,NULL,NULL,NULL,NULL,NULL,NULL,NULL,NULL,NULL,NULL,NULL,259,NULL,0.15,NULL,NULL,48,96,99,NULL,2.8,11.6,NULL,19.4,30,0.11,NULL,NULL,1.67,1.66,NULL,0.03,NULL,NULL,NULL,NULL,NULL,NULL,NULL,7,7.6,NULL,NULL,0,0.9,NULL,NULL,NULL,NULL,10.5,NULL,NULL,NULL,142,27.5,NULL,NULL,NULL,NULL,NULL,NULL,NULL,0.01,NULL,NULL,NULL,NULL
022-HYDCHENNAI,Annavasal,Surface Water,Puducherry,Karaikal,Karaikal,Cauvery Basin,Cauvery Lower,CWC,01-11-2018 00:00,NULL,NULL,NULL,NULL,NULL,0,80,NULL,NULL,NULL,NULL,3.1,22,NULL,NULL,NULL,37.2,NULL,0,NULL,NULL,NULL,NULL,NULL,NULL,NULL,NULL,NULL,NULL,NULL,NULL,295,NULL,0.21,NULL,NULL,55,99,98,NULL,3.3,10.5,NULL,22.3,32,0.13,NULL,NULL,0.27,0.27,NULL,0.05,NULL,NULL,NULL,NULL,NULL,NULL,NULL,7,8.2,NULL,NULL,0,1,NULL,NULL,NULL,NULL,23.5,NULL,NULL,NULL,156,27.5,NULL,NULL,NULL,NULL,NULL,NULL,NULL,0,NULL,NULL,NULL,NULL
022-HYDCHENNAI,Annavasal,Surface Water,Puducherry,Karaikal,Karaikal,Cauvery Basin,Cauvery Lower,CWC,21-07-2020 00:00,NULL,NULL,NULL,NULL,NULL,NULL,NULL,NULL,0.27,NULL,NULL,NULL,22.69,NULL,NULL,NULL,47.04,NULL,0,NULL,11,NULL,NULL,NULL,NULL,NULL,NULL,NULL,NULL,NULL,NULL,426.3,NULL,0.31,NULL,NULL,NULL,NULL,169.52,NULL,3.7,17.44,NULL,35.6,NULL,NULL,NULL,NULL,0.29,0.29,NULL,0.03,NULL,NULL,NULL,NULL,NULL,NULL,NULL,NULL,8.18,NULL,NULL,NULL,NULL,NULL,NULL,3.86,NULL,17.12,NULL,NULL,NULL,256.3,27,NULL,NULL,NULL,NULL,1.6,NULL,NULL,0,NULL,NULL,NULL,NULL
022-HYDCHENNAI,Annavasal,Surface Water,Puducherry,Karaikal,Karaikal,Cauvery Basin,Cauvery Lower,CWC,04-09-2020 00:00,NULL,NULL,NULL,NULL,NULL,NULL,NULL,NULL,0.06,NULL,NULL,1,16.64,NULL,NULL,NULL,25.23,NULL,0,NULL,6,NULL,NULL,NULL,NULL,NULL,5.22,NULL,NULL,NULL,NULL,259.3,NULL,0.2,NULL,NULL,NULL,NULL,110.19,NULL,3,13.77,NULL,18.3,NULL,NULL,NULL,NULL,0.01,0,NULL,0.03,NULL,NULL,NULL,NULL,NULL,NULL,NULL,NULL,8.17,NULL,NULL,NULL,NULL,NULL,NULL,4.54,NULL,12.54,NULL,NULL,NULL,157.6,24.5,NULL,NULL,NULL,NULL,39.7,NULL,NULL,0.01,NULL,NULL,NULL,NULL
022-HYDCHENNAI,Annavasal,Surface Water,Puducherry,Karaikal,Karaikal,Cauvery Basin,Cauvery Lower,CWC,01-10-2020 00:00,NULL,NULL,NULL,NULL,NULL,NULL,NULL,NULL,0.3,NULL,NULL,1.19,20.98,NULL,NULL,NULL,37.61,NULL,0,NULL,14,NULL,NULL,NULL,NULL,NULL,NULL,NULL,7.15,NULL,NULL,314.8,NULL,0.24,NULL,NULL,NULL,NULL,141.68,NULL,3.3,16.36,NULL,25.3,NULL,NULL,NULL,NULL,0.07,0.07,NULL,0.03,NULL,NULL,NULL,NULL,NULL,NULL,NULL,NULL,8.16,NULL,NULL,NULL,NULL,NULL,NULL,5.11,NULL,14.56,NULL,NULL,NULL,191.4,24.5,NULL,NULL,NULL,NULL,100.4,NULL,NULL,0,NULL,NULL,NULL,NULL
022-HYDCHENNAI,Annavasal,Surface Water,Puducherry,Karaikal,Karaikal,Cauvery Basin,Cauvery Lower,CWC,12-01-2021 00:00,NULL,NULL,NULL,NULL,NULL,NULL,NULL,NULL,0.01,NULL,NULL,1.57,33.27,NULL,NULL,NULL,73.05,NULL,0,NULL,28,NULL,NULL,NULL,NULL,NULL,NULL,NULL,6,NULL,NULL,581.6,NULL,0.44,NULL,NULL,NULL,NULL,231.6,NULL,6,25.7,NULL,56.1,NULL,0.26,NULL,NULL,0.8,0.76,NULL,0.15,NULL,NULL,NULL,NULL,NULL,NULL,NULL,NULL,7.9,NULL,NULL,NULL,NULL,NULL,NULL,16.24,NULL,38.24,NULL,NULL,NULL,349.6,18,NULL,NULL,NULL,NULL,45.5,NULL,NULL,0.04,NULL,NULL,NULL,NULL
022-HYDCHENNAI,Annavasal,Surface Water,Puducherry,Karaikal,Karaikal,Cauvery Basin,Cauvery Lower,CWC,04-12-2020 00:00,NULL,NULL,NULL,NULL,NULL,NULL,NULL,NULL,0.2,NULL,NULL,1.81,24.43,NULL,NULL,NULL,45.08,NULL,0,NULL,15,NULL,NULL,NULL,NULL,NULL,NULL,NULL,6.02,NULL,NULL,380.9,NULL,0.16,NULL,NULL,NULL,NULL,150.93,NULL,2.5,16.68,NULL,27.3,NULL,NULL,NULL,NULL,0.62,0.61,NULL,0.12,NULL,NULL,NULL,NULL,NULL,NULL,NULL,NULL,7.56,NULL,NULL,NULL,NULL,NULL,NULL,4.53,NULL,7.17,NULL,NULL,NULL,228.5,20,NULL,NULL,NULL,NULL,57.7,NULL,NULL,0.01,NULL,NULL,NULL,NULL
022-HYDCHENNAI,Annavasal,Surface Water,Puducherry,Karaikal,Karaikal,Cauvery Basin,Cauvery Lower,CWC,09-11-2020 00:00,NULL,NULL,NULL,NULL,NULL,NULL,NULL,NULL,0.24,NULL,NULL,1,25.96,NULL,NULL,NULL,33.65,NULL,0,NULL,8,NULL,NULL,NULL,NULL,NULL,NULL,NULL,5.62,NULL,NULL,351.9,NULL,0.27,NULL,NULL,NULL,NULL,157.58,NULL,3.2,21.31,NULL,23.2,NULL,NULL,NULL,NULL,0.23,0.22,NULL,0.07,NULL,NULL,NULL,NULL,NULL,NULL,NULL,NULL,8.17,NULL,NULL,NULL,NULL,NULL,NULL,14.89,NULL,18.75,NULL,NULL,NULL,210.9,24.5,NULL,NULL,NULL,NULL,12.84,NULL,NULL,0.01,NULL,NULL,NULL,NULL
022-HYDCHENNAI,Annavasal,Surface Water,Puducherry,Karaikal,Karaikal,Cauvery Basin,Cauvery Lower,CWC,12-07-2021 00:00,NULL,NULL,NULL,NULL,NULL,NULL,NULL,NULL,0.5,NULL,NULL,NULL,23.81,NULL,NULL,NULL,50.96,NULL,0,NULL,16,NULL,NULL,NULL,NULL,NULL,NULL,NULL,3.97,NULL,NULL,433,NULL,0.35,NULL,NULL,NULL,NULL,192.24,NULL,4,19.26,NULL,39.7,NULL,0.02,NULL,NULL,0.36,0.36,NULL,0.1,NULL,NULL,NULL,NULL,NULL,NULL,NULL,NULL,7.94,NULL,NULL,NULL,NULL,NULL,NULL,8.2,NULL,19.76,NULL,NULL,NULL,261.5,25.5,NULL,NULL,NULL,NULL,37,NULL,NULL,0,NULL,NULL,1.39,NULL
022-HYDCHENNAI,Annavasal,Surface Water,Puducherry,Karaikal,Karaikal,Cauvery Basin,Cauvery Lower,CWC,16-08-2021 00:00,NULL,NULL,NULL,NULL,NULL,NULL,NULL,NULL,0.43,NULL,NULL,NULL,24.9,NULL,NULL,NULL,37.24,NULL,0,NULL,NULL,NULL,NULL,NULL,NULL,NULL,NULL,NULL,5.27,NULL,NULL,331,NULL,0.24,NULL,NULL,NULL,NULL,120.74,NULL,3.9,12.28,NULL,28.6,NULL,0.21,NULL,NULL,3.63,3.63,NULL,0.07,NULL,NULL,NULL,NULL,NULL,NULL,NULL,NULL,8.2,NULL,NULL,NULL,NULL,NULL,NULL,9.76,NULL,16.59,NULL,NULL,NULL,198.9,29,NULL,NULL,NULL,NULL,42,NULL,NULL,0,NULL,NULL,0.2,NULL
022-HYDCHENNAI,Annavasal,Surface Water,Puducherry,Karaikal,Karaikal,Cauvery Basin,Cauvery Lower,CWC,06-09-2021 00:00,NULL,NULL,NULL,NULL,NULL,NULL,NULL,NULL,0.03,NULL,NULL,NULL,22.22,NULL,NULL,NULL,41.57,NULL,0,NULL,NULL,NULL,NULL,NULL,NULL,NULL,NULL,NULL,5.82,NULL,NULL,340,NULL,0.22,NULL,NULL,NULL,NULL,119.51,NULL,4.4,13.48,NULL,29.1,NULL,0.13,NULL,NULL,4.51,4.51,NULL,0.06,NULL,NULL,NULL,NULL,NULL,NULL,NULL,NULL,7.81,NULL,NULL,NULL,NULL,NULL,NULL,0.5,NULL,16.04,NULL,NULL,NULL,200.4,30,NULL,NULL,NULL,NULL,51,NULL,NULL,0,NULL,NULL,1.4,NULL
